qubit,t1_time,t1_err,t2r_time,t2r_err,t2e_time,t2e_err,temp_mK,timestamp
Q1,14.206084828067677,0.7790598769396887,5.265976653803688,0.807923349219671,5.217633334610594,0.74250593910948,100,2026-03-12 15:32:57
Q2,26.389467746517106,2.367307436894585,3.895842895329877,1.3861317110371028,3.6628513478721625,1.2819367820440806,100,2026-03-12 15:40:12
Q3,25.117812943011188,1.4776342094845882,8.696167963716222,0.7751236724442699,9.707135995984153,1.0735360330661108,100,2026-03-12 15:47:32
Q4,22.561964990823775,1.6436938068902294,9.410086432906128,1.49878689887865,8.521291753247827,1.4159824315673306,100,2026-03-12 15:54:53
Q1,20.463975930536048,,8.525745168548266,,8.780859961866126,,10,2026-03-11 13:59:57
Q2,29.25650412193575,,3.5909598214285716,,3.5909598214285716,,10,2026-03-11 14:07:31
Q3,24.688600474887902,,12.555900870363555,,13.562587425279714,,10,2026-03-11 14:14:50
Q4,34.210012370114775,,8.964082623761604,,12.943133502990124,,10,2026-03-11 14:22:10
Q1,20.00611084589123,,6.8042514575176005,,6.619089836247431,,110,2026-03-11 18:21:52
Q2,26.28862662982121,,3.5909598703435863,,3.5909598214285716,,110,2026-03-11 18:29:07
Q3,21.96197447917173,,8.174370523368125,,10.164147353394839,,110,2026-03-11 18:36:26
Q4,33.104871828185544,,5.614166995325211,,5.486989270901558,,110,2026-03-11 18:43:45
Q1,13.279743349052325,0.7682649130207325,4.936892541808819,0.8411209021461791,4.762287343761529,0.7258518164376416,120,2026-03-12 14:00:53
Q2,26.387602070108265,2.2870994793748642,3.5909598214285716,1.2295628841972708,4.003798405493057,1.3196976992644047,120,2026-03-12 14:11:44
Q3,19.438129788309404,1.0750248671680378,6.776786380207152,0.8821425502871871,8.163447553378507,0.8426750384470689,120,2026-03-12 14:22:43
Q4,18.334421413902067,1.2569459915474326,7.725806152983819,1.3600407183548942,7.350518623780363,1.1707681256177176,120,2026-03-12 14:33:48
Q1,14.617142237993857,0.7493039847612083,5.037544808713451,0.7822970711014714,4.9405457803082315,0.7515069835771369,120,2026-03-12 15:18:01
Q2,30.70780189931243,3.254509430651989,3.5909598214285716,1.1885787464028201,3.5909598214285716,1.2592737093235986,120,2026-03-12 15:25:15
Q1,14.450470158490205,,6.116431621649202,,5.067525512546884,,130,2026-03-11 19:51:08
Q2,33.19148985942617,,3.5909598214285716,,3.5909598214285716,,130,2026-03-11 19:58:23
Q3,15.599301172903852,,8.581967261965891,,9.225200264420133,,130,2026-03-11 20:05:43
Q4,18.93007054541604,,7.864130872356375,,6.91997881389246,,130,2026-03-11 20:13:02
Q1,10.196547451717551,0.7232128485293025,3.6927241388020344,0.6950032410613016,4.226341821925042,0.7095702074188027,140,2026-03-12 12:55:52
Q2,16.68428488729371,1.4845798490985442,3.5909598214285716,1.280752560537847,3.5909598214285716,1.264365845421177,140,2026-03-12 13:06:43
Q3,17.43554023947179,1.0623280993862472,7.18988745516975,0.6479355240480903,8.112345834792139,1.1195237949809356,140,2026-03-12 13:17:45
Q4,13.610237968180806,1.1093189041137725,6.702408757451033,1.16385499807017,5.763739329095736,0.9335797115350148,140,2026-03-12 13:28:47
Q1,9.874625577748224,,3.5909598214286285,,3.5909598214285716,,157,2026-03-11 21:20:46
Q2,15.25352019210502,,3.5909598214285716,,3.5909598214285716,,157,2026-03-11 21:31:38
Q3,12.384833261518747,,5.617834071745023,,6.147635607024594,,157,2026-03-11 21:42:37
Q4,11.614878909781531,,5.880784807777402,,6.000695767592241,,157,2026-03-11 21:53:35
Q1,6.747854577941506,0.68383285868702,3.5909598214285716,0.7396555231187111,3.5909598214285716,0.7440578052659084,165,2026-03-12 11:40:07
Q2,11.287214512906111,1.5107726104796377,3.5909598214285716,1.1761345682758761,3.5909598214285716,1.1562998675198244,165,2026-03-12 11:50:58
Q3,8.401727489360397,0.7704299781010415,4.033148952199435,0.5269649263061281,4.553734031857728,0.5478160722035025,165,2026-03-12 12:01:56
Q4,11.834877722472772,1.1915564591813332,4.4556546169343845,0.9344213418016746,4.752043961376637,0.9430893593864609,165,2026-03-12 12:12:54
Q1,2.3042121180623476,0.4775498965554321,3.5909598214285716,1.659066324443552,3.5909598214285716,1.1745199903495724,172,2026-03-12 08:20:50
Q2,3.4200502231075207,1.304271546217623,3.5909598214285716,1.1996283990226875,3.5909598214285716,1.265697825005594,172,2026-03-12 08:31:41
Q3,2.6446817379109673,0.5347389304741355,3.5909598214285716,0.9934040756069187,4.433808328821758,1.4746449017016285,172,2026-03-12 08:42:42
Q4,5.921867750724985,1.0299410733707333,3.5909598214285716,1.1868605406833599,3.5909598214285716,1.692721390793135,172,2026-03-12 08:53:43
Q1,5.849414937205318,0.6717644834607427,3.5909598214285716,0.7656692219766494,3.5909598214285716,0.7906390878479314,175,2026-03-11 23:53:24
Q2,6.525403116471828,1.0668577505636816,3.5909598214285716,1.1645553694888078,3.590959878935364,1.2729009602609975,175,2026-03-12 00:04:14
Q3,7.5326319732597495,0.7388103309487397,3.5909598214285716,0.5091941954637831,3.5909598214285716,0.6175430146217018,175,2026-03-12 00:15:13
Q4,8.61741706024676,1.0320984524071675,3.5909598214285716,0.8050334735263878,4.752002601237297,0.9461454037851206,175,2026-03-12 00:26:13
Q1,4.081009399298435,0.6181658846041626,3.5909598214285716,0.9867808135632454,3.5909598214285716,0.8575542586486722,183,2026-03-12 10:21:32
Q2,5.121954917336642,1.233750192986246,3.5909598214285716,1.1809413014165657,3.5909598214285716,1.2081884779639085,183,2026-03-12 10:32:23
Q3,3.6495416188977594,0.5190905307060617,3.5909598214285716,0.6428006964445262,3.5909598214285716,0.8396790312684596,183,2026-03-12 10:43:22
Q4,3.911255066267799,0.7355105783347367,3.590959821428573,0.9174743367727974,5.215382217308961,2.121568697947987,183,2026-03-12 10:54:25
Q1,2.248690614412709,0.5052169422861125,4.353449831842647,2.7239254164592035,3.5909598214285716,0.966811836267015,193,2026-03-12 09:10:23
Q2,4.996347359814797,1.267771527059634,3.5909598214285716,1.2158547522004906,4.733805786502532,1.3976365185734267,193,2026-03-12 09:21:13
Q3,3.073260487398447,0.5708958171207179,3.5909598214285716,1.2314467996428748,3.590959821436233,1.8115749960230716,193,2026-03-12 09:32:13
Q4,3.3880550557815345,0.8973705423508074,3.5909598214285716,1.348743152851732,3.5909598214285716,1.210395304501329,193,2026-03-12 09:43:14
Q1,17.58352360191804,0.8638938555678308,9.094555326343217,1.1320829757662654,7.262590863390043,0.7526512754849687,20,2026-03-12 18:49:26
Q2,27.485944707000733,1.7432327378355674,3.5909598214285716,1.2002201142534845,3.5909598214285716,1.2422191326081737,20,2026-03-12 18:56:41
Q3,22.375978349767298,1.0032158082295697,7.027016707076563,0.8265707641820793,12.179702294793387,1.069350470902006,20,2026-03-12 19:04:00
Q4,25.51454759132379,1.5088780525827536,7.436053771362261,1.1658713469629627,9.743830008007672,1.513279420832887,20,2026-03-12 19:11:23
Q1,22.519964976934663,,9.198006923374715,,8.672812166414673,,30,2026-03-11 14:41:29
Q2,29.46174871931134,,3.5909598214285716,,3.5909598214285716,,30,2026-03-11 14:48:45
Q3,21.011765746329164,,12.195963819142221,,12.003896080093412,,30,2026-03-11 14:56:05
Q4,24.641925269017214,,9.732550334588714,,8.258052649839426,,30,2026-03-11 15:03:25
Q1,15.640458720770646,0.7597694993928074,8.456187200480663,1.0586207073239058,6.79036891551668,0.7696350439892594,40,2026-03-12 17:41:26
Q2,31.807780857978848,2.0839689604892224,3.5909598214285716,1.1662049439020632,3.5909598214285716,1.255615338928606,40,2026-03-12 17:48:40
Q3,21.651633562469996,0.9952536879056579,5.916470776463711,0.7974525263100615,12.366578230643015,1.0171350940611443,40,2026-03-12 17:56:02
Q4,21.43710714433903,1.333598648788592,11.373908330613121,1.556676355568951,9.15926466943746,1.398204427742885,40,2026-03-12 18:03:25
Q1,25.226076130730803,,10.41899930829769,,9.105783731301395,,50,2026-03-11 15:28:34
Q2,31.920774934211654,,3.5909598214285716,,3.5909598214285716,,50,2026-03-11 15:35:49
Q3,26.099633333476195,,10.387058419067301,,12.947447476689472,,50,2026-03-11 15:43:09
Q4,24.223527567136625,,9.18206018122351,,9.786596846043516,,50,2026-03-11 15:50:27
Q1,14.477455782860963,0.7499551912919998,9.579539566289336,1.3192944007959437,7.319568899516935,1.0597387566879697,60,2026-03-12 16:51:26
Q2,31.261446402078278,2.4853265479070106,3.5909598214285716,1.2188023760214675,3.800470521253692,1.37511035028469,60,2026-03-12 16:59:12
Q3,20.090724612704317,0.9262152992845379,10.13614856558925,0.9238196948253785,15.074905953829958,1.1671092266402672,60,2026-03-12 17:06:33
Q4,26.112033919680837,1.6574673582205157,9.87352581128723,1.4764527869604245,11.32062023938951,1.7604766861189123,60,2026-03-12 17:13:51
Q1,22.366058794694357,,7.383752501489505,,7.830191085889154,,70,2026-03-11 16:27:27
Q2,27.53948004688928,,3.5909598214285716,,3.5909598214285716,,70,2026-03-11 16:34:41
Q3,22.89856233540823,,5.9009887113356525,,10.914988099816801,,70,2026-03-11 16:42:02
Q4,29.362396742404933,,8.010118879180164,,9.488357617430454,,70,2026-03-11 16:49:20
Q1,16.056458321591098,0.7584911973129845,7.154969354437445,0.930453215851237,6.242167963388465,0.8866827927497571,80,2026-03-12 16:11:59
Q2,31.851435724553223,2.1692855521228456,3.5909598214285716,1.2670400401610349,3.5909598214285716,1.3242736629274927,80,2026-03-12 16:19:14
Q3,23.86819530175602,1.2372601204921063,9.26318060145997,0.8495234472513702,9.676309180319649,1.115157196922591,80,2026-03-12 16:26:34
Q4,27.236627910216583,1.5121555796572272,12.484980695464905,1.85671661978116,7.765010232784078,1.3790332996062447,80,2026-03-12 16:33:57
Q1,14.477455782860963,0.7499551912919998,9.579539566289336,1.3192944007959437,7.319568899516935,1.0597387566879697,80,2026-03-12 16:51:26
Q2,31.261446402078278,2.4853265479070106,3.5909598214285716,1.2188023760214675,3.800470521253692,1.37511035028469,80,2026-03-12 16:59:12
Q3,20.090724612704317,0.9262152992845379,10.13614856558925,0.9238196948253785,15.074905953829958,1.1671092266402672,80,2026-03-12 17:06:33
Q4,26.112033919680837,1.6574673582205157,9.87352581128723,1.4764527869604245,11.32062023938951,1.7604766861189123,80,2026-03-12 17:13:51
Q1,21.89978215942197,,12.850781117277423,,8.039459216783886,,90,2026-03-11 17:29:24
Q2,26.701715922122126,,3.5909598214285716,,3.5909598214285716,,90,2026-03-11 17:36:39
Q3,22.4816085978377,,6.24262641982126,,12.746915948844721,,90,2026-03-11 17:44:00
Q4,22.825882636701156,,7.836129552080465,,7.590486602143953,,90,2026-03-11 17:51:19
Q1,13.3856502726784,0.7198730192784856,5.167934655546721,0.8224425737586276,4.854305386230229,0.6691457777028053,100,2026-03-13 13:48:41
Q2,40.4846823633157,3.5318896706083116,2.3479352678571432,1.0468669949188734,2.3479356203402943,1.0960303528917292,100,2026-03-13 13:58:27
Q3,19.021060699925687,1.1437519418776485,9.108889117723113,0.963072068732046,15.212861797852607,1.603483331348445,100,2026-03-13 14:09:07
Q4,22.11701138314527,1.5664805757679479,7.016364123875241,1.0542862266970285,6.635569644681191,1.0977037516415895,100,2026-03-13 14:19:06
Q1,16.426381109533718,0.8052677265146654,8.80066008809415,1.1544074352643467,8.065594812341578,0.9698929002108112,10,2026-03-12 20:56:39
Q2,37.83356192346145,2.022791114567983,3.5909598214285716,1.2090769262227843,3.5909598214285716,1.1618162900917808,10,2026-03-12 21:03:53
Q3,23.758407956230844,1.0194845326537376,6.577801945975547,0.9839918652548161,9.18991447556619,1.2204758448661372,10,2026-03-12 21:11:13
Q4,26.98466222724057,1.4989005535534965,11.745246824137533,1.764753229302058,10.638530895853977,1.5586227620381876,10,2026-03-12 21:18:35
Q1,13.38947534562646,0.7277325890343023,4.743076687914946,0.7395687696284721,4.881275324599673,0.7385555417865037,110,2026-03-13 14:52:40
Q2,22.586182819659946,1.8145451245750597,2.3479352678571432,1.0350409966480874,2.6494578038547476,1.1511988525472745,110,2026-03-13 15:02:25
Q3,19.132496443532446,1.0227918669622023,7.462674548351195,0.8683640041202754,15.414694318526907,1.7272073481273584,110,2026-03-13 15:12:21
Q4,22.109402381206703,1.4366813318607403,7.473970682464859,1.1494043732236807,11.182602277629547,1.7687342043737333,110,2026-03-13 15:22:18
Q1,13.660256701667688,0.7787622959201322,5.3243202675223955,0.9517419917860243,5.55336137288981,0.8857370961517426,110,2026-03-13 17:18:27
Q2,25.3440139359116,3.222951421670215,1.4501953125000002,0.8266244790418833,1.8840412288153534,0.952128854313439,110,2026-03-13 17:28:07
Q3,21.633077832962847,1.369074468662783,8.39155712956571,0.8900241268741129,13.01927179680097,2.2956496424240034,110,2026-03-13 17:37:59
Q4,22.32585351653508,1.8925306381080509,11.668799872122007,2.4213202311318023,8.458753594734267,1.944711823512959,110,2026-03-13 17:47:47
Q1,13.660256701667688,0.7787622959201322,5.3243202675223955,0.9517419917860243,5.55336137288981,0.8857370961517426,110,2026-03-13 17:18:27
Q2,25.3440139359116,3.222951421670215,1.4501953125000002,0.8266244790418833,1.8840412288153534,0.952128854313439,110,2026-03-13 17:28:07
Q3,21.633077832962847,1.369074468662783,8.39155712956571,0.8900241268741129,13.01927179680097,2.2956496424240034,110,2026-03-13 17:37:59
Q4,22.32585351653508,1.8925306381080509,11.668799872122007,2.4213202311318023,8.458753594734267,1.944711823512959,110,2026-03-13 17:47:47
Q1,11.877655930253733,0.7460070194696306,6.115140591286885,0.942983673842318,4.966744631371237,0.704653195957378,125,2026-03-16 09:54:36
Q2,79.50590620832861,14.13632126126515,1.7954799107142858,0.8931389504902534,1.7954799107142858,0.8512530750674899,125,2026-03-16 10:04:04
Q3,22.71601548771696,1.865048914837053,8.04960747806466,0.9632344290384005,14.344716992287205,2.354060308501709,125,2026-03-16 10:13:40
Q4,17.070885789786068,1.3829107394213782,7.2549525818724945,1.3840843161529648,9.642905720740115,1.6336136761354105,125,2026-03-16 10:23:13
Q1,12.459982947528031,0.6828625740683031,5.931678128570994,1.124035188654641,5.288634247571279,0.8429740931280715,130,2026-03-13 19:02:41
Q2,23.75263058579974,2.066228587317496,1.5464920445401484,0.8288109271197149,1.3811383928571432,0.8007072092140857,130,2026-03-13 19:12:24
Q3,20.74520964854814,1.3120018908736437,9.966892869651847,1.3802426939420571,8.16026200077993,1.3007033576217202,130,2026-03-13 19:22:15
Q4,16.747994643502174,1.2217880613649137,7.334101269852767,1.4689027007678201,8.214984556764643,1.51306808061236,130,2026-03-13 19:32:04
Q1,10.569502908438727,0.6585586220268655,4.60575950611887,0.822432033844326,4.927324874251839,0.758824664471008,135,2026-03-15 23:57:22
Q2,8.226354254963189,2.624106912752202,1.7954799107142858,0.8176858059562265,1.7954799107142858,0.8477733342901458,135,2026-03-16 00:06:51
Q3,16.735422316843685,1.081367303210009,7.4243434166730955,0.9522327097934824,8.34932404859646,1.0668343030436354,135,2026-03-16 00:16:27
Q4,14.583132672148507,1.1163257512220879,6.704740555578496,1.2527102037947093,10.169675585947168,1.6884195518236451,135,2026-03-16 00:26:00
Q1,12.797321716639537,0.7255460680838218,4.462980587256778,0.8063551916600507,3.747546989701568,0.6017481630524132,140,2026-03-13 22:16:06
Q2,19.2838840254667,2.150088987806331,1.4501953125000002,0.8164357668907319,1.3811383928571466,0.793850155640018,140,2026-03-13 22:25:48
Q3,15.855991704655015,1.0688516586597077,6.048244091467927,0.9293608693990378,8.126973445982935,1.2666508547848825,140,2026-03-13 22:35:40
Q4,15.23103776580633,1.2574789559073463,6.142516574539619,1.253215212717252,12.421013306611862,2.4900422817555286,140,2026-03-13 22:45:30
Q1,8.731665140903873,0.5704088416146764,4.542197016013998,0.8556530644819464,3.6489816531593213,0.6525196312112465,145,2026-03-15 21:04:30
Q2,16.527438664666338,6.176520820817771,2.6001731129244456,1.0625115875493742,1.7954799107142858,0.8629663929825934,145,2026-03-15 21:13:58
Q3,12.271314105411188,1.0106291083934824,5.7105312660382115,0.6713627891987479,5.832675757223322,0.8648520458044708,145,2026-03-15 21:23:30
Q4,10.984686787142127,0.9536977680618711,4.526465378596315,0.795635196963328,8.42212250730357,1.6139933512237499,145,2026-03-15 21:33:05
Q1,7.481866816517926,0.5516670772965053,2.9763303731215185,0.6676428354467226,3.282037492837896,0.6194930629641229,150,2026-03-14 01:06:32
Q2,12.578197259958522,1.4195414721510324,1.4501953125000002,0.7708510249540049,1.3811383928571432,0.9361549610333604,150,2026-03-14 01:16:13
Q3,10.933042823618136,0.801559176520616,5.165340131249848,0.9422778730440027,5.232793242796203,0.741925192041729,150,2026-03-14 01:25:59
Q4,12.722319412765517,1.1460729718174334,6.254058507283494,1.1749432128339636,7.81198024916064,1.587988713733775,150,2026-03-14 01:35:50
Q1,7.6763305372376855,0.5858663467383328,3.768596822611017,0.7557975199969043,3.0327715614249713,0.626208522394484,155,2026-03-15 19:59:07
Q2,8.161610767732482,1.9480020193742227,2.9287578918074226,2.9640260070733606,1.7954799107142858,0.9053504290349483,155,2026-03-15 20:08:36
Q3,9.343259476892051,0.6578900929656742,4.657686103918057,0.588162312269873,5.839762233797252,0.7790696352169107,155,2026-03-15 20:18:18
Q4,9.755861541117605,0.9147471718056226,3.2296199082913515,0.6302311609009039,6.085309699438518,1.1867376601260593,155,2026-03-15 20:27:55
Q1,6.963016718827413,0.532856753857906,3.1069495014074335,0.6644154482781706,2.9985116747904366,0.589210849974459,160,2026-03-14 08:59:30
Q2,11.630978659420517,1.3801736174119215,9.535087123689932,7.25216009971974,1.3811383928571432,0.7508136257838148,160,2026-03-14 09:09:12
Q3,7.73916097035951,0.6394725724622816,5.299167617720738,1.4424770213921563,4.828581829530175,0.795549406345787,160,2026-03-14 09:19:03
Q4,12.78517769277709,1.1316414120012193,2.6945818252787515,0.6113593623533866,4.75598549000367,1.0264602801445057,160,2026-03-14 09:28:52
Q1,5.6785626477136155,0.5085503045661239,3.009469131358758,0.6624806762860803,2.700504641520357,0.6626955039848778,165,2026-03-15 18:16:35
Q2,19.624194690407947,4.221807259721295,2.3479352678571432,1.0607271780649894,2.3479352678571432,0.9013780689183063,165,2026-03-15 18:26:06
Q3,6.729553193448109,0.5775962483099365,2.751817932744915,0.8355888961129697,3.895987488960596,0.5908672705156005,165,2026-03-15 18:35:44
Q4,7.428436544583455,0.8424455947485391,3.9242582671518687,0.8283400974695447,4.833675201059379,0.9554484611784385,165,2026-03-15 18:45:21
Q1,5.087418375872785,0.5550315224652669,2.3974840267486446,0.5452631153477259,2.1074769873069017,0.5144494392721017,170,2026-03-14 11:14:49
Q2,9.44542814706591,1.3762155556796372,1.4501953125000002,0.9730044421514151,1.3811383928571432,0.8299574656717987,170,2026-03-14 11:24:31
Q3,6.430242472182648,0.7006752406198031,3.751898335350724,1.1106101680568867,2.962522441739609,0.5917764738721705,170,2026-03-14 11:34:22
Q4,7.668582666320419,0.8799923712129699,2.5451760172993976,0.6481292144667532,2.6152365865170553,0.6604909781934193,170,2026-03-14 11:44:12
Q1,4.263108832986067,0.46924612473097915,2.129155703094548,0.5199666028528509,1.9243625989221644,0.49905608527647816,175,2026-03-15 01:43:18
Q2,6.016308629065167,1.0546889338138767,1.4501953125000002,0.8118464601886193,1.3811383928571432,0.7423581215996068,175,2026-03-15 01:52:23
Q3,4.155825130421094,0.518227687388416,2.6932006733076275,0.533928289433995,2.8886761986888443,0.7214596574366976,175,2026-03-15 02:01:39
Q4,4.874912926245433,0.6763317596311738,3.2708209915346136,0.7864015844441593,3.417178406259972,0.9907963483120376,175,2026-03-15 02:10:50
Q1,3.390758910281172,0.45398511013850984,2.2574569095648584,0.6930158588869383,1.5064275148542436,0.4766928048694793,180,2026-03-14 16:28:45
Q2,5.230216682723791,0.8705135269742035,1.4501953125000002,0.7751419985169447,1.3811383928571432,0.7596800803584302,180,2026-03-14 16:38:11
Q3,3.745548598355137,0.4581462514872781,2.0794885151155054,0.3952629329924,2.2302452345923385,0.4964868471103309,180,2026-03-14 16:47:42
Q4,5.3184066869038835,0.7591289810027734,2.5202052110621636,0.6514207229474462,1.9130879526480835,0.6405744509093205,180,2026-03-14 16:57:17
Q1,2.8772259554626163,0.38960063395309247,1.661418680386336,0.5639006761064825,1.3811383928571432,0.4756760696466286,185,2026-03-15 00:32:40
Q2,5.0055871071698705,1.1799148028986393,1.4501953125000004,0.7858193489440718,1.3811383928571432,0.824334924183825,185,2026-03-15 00:41:43
Q3,3.5178065313766735,0.5169124648513461,1.7670773765185432,0.4030522517693848,1.5930662432366793,0.5967003494998555,185,2026-03-15 00:50:56
Q4,3.7691697733582976,0.6400465951789881,1.4501953125000002,0.7978891700385092,2.1699002253842226,0.7956190517707535,185,2026-03-15 01:00:08
Q1,2.8864224439794617,0.46419496560471823,1.0019366204995428,0.40949376375840846,0.9258726632170085,0.394769254473066,190,2026-03-14 18:07:49
Q2,3.562852559784767,0.9405443969876671,0.8977399553571811,0.5641865431530767,0.8286830357142858,0.6551871133078262,190,2026-03-14 18:16:48
Q3,2.5811823781506407,0.4115728218838554,1.4283299814116215,0.3429647545561811,1.5543046627644994,0.5303414804932759,190,2026-03-14 18:25:56
Q4,2.9382520317265133,0.5463123839811463,1.2429966647292914,0.46141751082567817,0.9011072033619206,0.46622888729637746,190,2026-03-14 18:35:06
Q1,1.820440402642082,0.3851338456606594,1.1145002916897542,0.4335275067504938,0.6353669583053551,0.3103050909200243,195,2026-03-14 23:01:47
Q2,2.8673413656405233,0.942335374351036,0.5524553571428572,0.5164167417407068,0.5524553571428572,0.5150644964477608,195,2026-03-14 23:10:36
Q3,1.6724079988208866,0.32309245955395954,1.1912343373804168,0.3672606277967013,1.372218415258266,0.4657215076088947,195,2026-03-14 23:19:34
Q4,2.592808602847105,0.6376713895619822,1.2033299897380423,0.5214026600517807,0.9995800632137699,0.730150886730447,195,2026-03-14 23:28:32
Q1,1.619457385083207,0.35481678764962177,0.7823565276809287,0.35202211931828875,0.5713100215435923,0.31081642171980145,200,2026-03-14 21:59:25
Q2,1.765741179493248,0.6386569866044585,0.5524553571428572,0.4826133418961498,0.5524553571428572,0.5283479131913222,200,2026-03-14 22:08:14
Q3,1.3647221984504043,0.32551145396951864,1.0504614938040389,0.33403103796786604,1.3442942361620662,0.5586663442340023,200,2026-03-14 22:17:16
Q4,1.6765776768551943,0.4446783528999822,0.9006676400393765,0.4644009443107333,0.6477456616855074,0.5620684917590107,200,2026-03-14 22:26:16
Q1,16.065819766122708,0.6957755775624804,9.359579721832441,1.201603113653699,8.850640810184572,0.9391920354785435,20,2026-03-12 21:58:52
Q2,30.939359179879173,1.8220796390983665,3.5909598214285716,1.2913226114871845,3.5909598214285716,1.3187606770561744,20,2026-03-12 22:06:07
Q3,22.46430015739242,0.9726566205380542,9.091339154576895,0.8206768136034731,12.771298874343268,1.0730081841676962,20,2026-03-12 22:13:26
Q4,31.524533311619606,1.7256394170256109,10.541900172966667,1.4181775718159069,7.507962048720497,1.177690130234017,20,2026-03-12 22:20:47
Q1,1.4214418073297999,0.3825330855105691,0.5524553571428572,0.37931843452130515,0.5524553571428572,0.33284194698231895,210,2026-03-16 11:36:02
Q2,0.4230359364312249,0.8470163305098054,0.5524553571428572,0.49243134250830634,0.5524553571428572,0.5219546890261872,210,2026-03-16 11:44:53
Q3,1.1472693751823477,0.36503024646053334,0.883751367220034,0.45135154081321277,0.7455090158719007,0.7205559172997357,210,2026-03-16 11:53:54
Q4,1.1456661047355567,0.4131212818326156,0.7533616036976758,0.6008245962336628,0.9449879863790576,0.8569297421016326,210,2026-03-16 12:02:52
Q1,17.32480786947456,0.9374218940531913,9.91695776186594,1.2343316324397016,7.627399825523292,0.9278185646022296,30,2026-03-12 23:42:43
Q2,24.53236638667514,1.4865833385108118,3.5909598214285716,1.256491638899598,3.5909598214285716,1.162710285225457,30,2026-03-12 23:49:57
Q3,17.527535655004236,0.8764444312019324,9.714576494555374,0.8835501770857429,10.04079882053653,0.8901057463845651,30,2026-03-12 23:57:17
Q4,29.252654141321,1.5653870958148175,10.780114191773462,1.6172954026741355,9.133067491476204,1.6518977308286638,30,2026-03-13 00:04:36
Q1,15.991834167341427,0.9037811468765539,8.720659976050404,1.0273338738857936,7.810748879283904,0.8879340242429606,40,2026-03-13 00:36:26
Q2,24.891980256698083,1.697925146723642,3.5909598214285716,1.253924325908634,3.5909598214285716,1.223489882492306,40,2026-03-13 00:43:41
Q3,23.788766821776704,1.1623760947979715,6.361131105406975,0.8303773270874388,13.223976064353492,1.6467339805518337,40,2026-03-13 00:51:02
Q4,24.526837720845087,1.5207296112329678,6.93602824426285,1.1777211713019309,9.516421301022397,1.4761602768503814,40,2026-03-13 00:58:22
Q1,18.364182403537527,1.019092897523702,6.6277525698755815,0.9895851091939488,8.810938730161517,1.0645134057861159,50,2026-03-13 08:21:33
Q2,24.853502226925006,1.76595236295394,3.5909598214285716,1.1053246376478871,3.5909598214285716,1.228917947845615,50,2026-03-13 08:28:47
Q3,25.96189219979274,1.2555463172288797,9.993563059852146,1.0110937368420077,14.325613808487692,1.2441611650759674,50,2026-03-13 08:36:06
Q4,26.25625863636072,1.3700654232747513,8.677761483016802,1.1702606678518264,8.008583623526615,1.277149908602358,50,2026-03-13 08:43:25
Q1,15.107866188320799,0.7701355775216754,6.94867334799174,0.9476580621063059,6.509314608736574,0.8206980653722723,60,2026-03-13 09:42:12
Q2,21.766676544832183,1.332864460939967,3.5909598214285716,1.156779674970254,3.5909598214285716,1.2312033894202448,60,2026-03-13 09:49:26
Q3,24.800158196831003,1.27091568492888,9.310499584260537,1.121488582698515,9.889172685860968,0.9608802656698211,60,2026-03-13 09:56:54
Q4,25.200520334762775,1.498226163893929,10.21207846614478,1.4242168411271208,7.67797350897948,1.2540571536629856,60,2026-03-13 10:04:19
Q1,16.358570472847507,0.8050121042241515,7.170292355538435,0.8995813701917684,6.707796334883648,0.8675135939185162,70,2026-03-13 10:33:30
Q2,26.505090596597917,1.8117323229177058,3.5910030052780457,1.2559025246884434,3.5909598214285716,1.2560642058266518,70,2026-03-13 10:40:45
Q3,27.14556366504745,1.2548890624150206,9.681910064087965,0.9254572584116287,12.311319648042852,1.5146461609788209,70,2026-03-13 10:48:06
Q4,22.213108224770718,1.3154348643463398,7.8181841702839865,1.1275111150867396,6.927773869325877,1.1536345461673356,70,2026-03-13 10:55:25
Q1,16.36351647910453,0.8633178177477226,7.833933801754369,0.9782146012277196,6.581216411014539,0.9849463579243845,80,2026-03-13 11:38:08
Q2,27.46134662634342,1.9433810034837364,3.5909598214285716,1.2076443962477212,3.5909598214285716,1.3327287684003155,80,2026-03-13 11:45:22
Q3,18.84398180324879,0.9713984038671722,8.972018463499616,0.8986013192770115,9.639799490516163,1.061146259776377,80,2026-03-13 11:52:41
Q4,22.325364020560887,1.3277244933965342,8.618468705824831,1.25032842667922,7.723377757514284,1.2504524030943347,80,2026-03-13 12:00:03
Q1,17.30225266047622,0.9564002427217255,7.18619763535291,1.011785626978327,7.023755476101564,0.8739444028223543,80,2026-03-13 12:42:20
Q2,17.387589888433276,1.5558666428517178,3.5909598214285716,1.1904396483810609,3.5909598214285716,1.280340924716913,80,2026-03-13 12:49:37
Q3,19.33368055570226,1.1075135779629721,5.606472751166052,0.7051484088038973,10.811611339244502,1.1018900527856421,80,2026-03-13 12:56:58
Q4,17.283596882598935,1.362381936550237,6.662010488241564,0.9999625205894839,6.81400273466786,1.107369181226662,80,2026-03-13 13:04:18
Q1,17.30225266047622,0.9564002427217255,7.18619763535291,1.011785626978327,7.023755476101564,0.8739444028223543,90,2026-03-13 12:42:20
Q2,17.387589888433276,1.5558666428517178,3.5909598214285716,1.1904396483810609,3.5909598214285716,1.280340924716913,90,2026-03-13 12:49:37
Q3,19.33368055570226,1.1075135779629721,5.606472751166052,0.7051484088038973,10.811611339244502,1.1018900527856421,90,2026-03-13 12:56:58
Q4,17.283596882598935,1.362381936550237,6.662010488241564,0.9999625205894839,6.81400273466786,1.107369181226662,90,2026-03-13 13:04:18
