round,qubit,t1_time,t1_err,t2e_time,t2e_err,timestamp

1,Q1,29.071779310848797,0.9810573058265198,44.88699776785741,1.5909313136874266,2026-03-28 14:13:41
1,Q3,78.82926279739122,1.8749081354652442,95.4289422965798,2.2725572321950493,2026-03-28 14:16:50
1,Q4,43.04071797367283,2.1659443557641556,60.89218575657949,3.070936623650058,2026-03-28 14:20:00
2,Q1,28.948054059115087,0.9885895128160973,47.18003734759027,1.5968127192399506,2026-03-28 14:23:10
2,Q3,71.56424447039969,1.6139766209149549,94.28932792560848,2.2456236306488466,2026-03-28 14:26:20
2,Q4,57.45560707572222,2.513699350153752,103.56711724416456,4.089071298254243,2026-03-28 14:29:30
3,Q1,29.273024516948293,0.9770330070328296,44.886997767857146,1.7245533312658068,2026-03-28 14:32:40
3,Q3,72.1980575107437,1.7957303192001985,98.56211008910932,2.2317409686829857,2026-03-28 14:35:49
3,Q4,48.548242955896,2.42027280199907,72.28603161998693,3.534489782071587,2026-03-28 14:38:59
4,Q1,29.2377409359012,1.0109422870766374,45.505280593661425,1.5329736930059708,2026-03-28 14:42:09
4,Q3,72.39749542193735,1.8688390049941916,97.71588438864592,2.4242731725947078,2026-03-28 14:45:19
4,Q4,59.26977848567792,2.5144209634729218,83.41349077032955,3.8365842184462102,2026-03-28 14:48:29
5,Q1,27.666160962510403,0.9668760527617635,46.15019841056471,1.6298244910687496,2026-03-28 14:51:39
5,Q3,82.93576138848455,1.7275699252916186,89.59988176825442,2.1723543064076822,2026-03-28 14:54:49
5,Q4,47.040439788909346,2.417047772603453,58.972544446653465,2.734104088377418,2026-03-28 14:57:59
6,Q1,28.290234263455535,0.9777245996737279,48.76603745328206,1.6048630692466548,2026-03-28 15:01:09
6,Q3,73.49780575554574,1.8652911918308137,93.8225808616556,2.4942093915527495,2026-03-28 15:04:19
6,Q4,55.548630077735766,2.455160326474354,77.8233542815109,3.6333326965087136,2026-03-28 15:07:29
7,Q1,27.887973057861885,0.9835376295697197,44.90770884164698,1.5037254676465692,2026-03-28 15:10:38
7,Q3,76.56850436770547,1.8588582982809363,92.0238453431886,2.04491807844194,2026-03-28 15:13:48
7,Q4,43.95990165411545,2.1768616281825817,65.70012649339259,3.1136019931173675,2026-03-28 15:16:58
8,Q1,26.221616938231744,0.9347749435170681,48.954331128256214,1.5707465913886816,2026-03-28 15:20:08
8,Q3,65.20989633051438,1.5398261763565098,87.3766723511761,1.970054455272681,2026-03-28 15:23:18
8,Q4,45.62237079831285,2.1868226904320562,63.78706289447066,3.124083550781177,2026-03-28 15:26:28
9,Q1,37.824021074434775,1.0611929633359314,57.86588674958703,1.799041393434284,2026-03-28 15:29:38
9,Q3,69.46491452620556,1.716188105410688,91.3842464954369,2.0947193348711197,2026-03-28 15:32:48
9,Q4,63.589971602554705,2.7422331913440394,90.07800931879119,3.745221470318256,2026-03-28 15:35:58
10,Q1,38.02500934409078,1.118499097236801,58.6102727451049,1.6817066563784135,2026-03-28 15:39:08
10,Q3,77.24811588887789,1.8927885356894425,97.73188024792083,2.6188614536113723,2026-03-28 15:42:18
10,Q4,53.76761721482368,2.493021479008695,85.12747263309946,3.5987608280964385,2026-03-28 15:45:28
11,Q1,34.367274812720325,1.0372089094388832,54.072134501839,1.7579800264897003,2026-03-28 15:48:38
11,Q3,77.3647031519155,1.6974762997339952,90.79640694374145,2.2086691638928335,2026-03-28 15:51:47
11,Q4,62.322247100873845,2.9165771563134184,66.61316787939828,3.1056763034204864,2026-03-28 15:54:58
12,Q1,34.74175896631402,1.0940483954536429,57.70187706108567,1.8180348720065138,2026-03-28 15:58:07
12,Q3,76.01812923914484,1.8929356469191134,95.5984128006124,2.5359154709657274,2026-03-28 16:01:17
12,Q4,70.49219267691105,3.12315442767842,66.15844472050618,3.2160466262693554,2026-03-28 16:04:27
13,Q1,34.78945747243637,0.9352646266069488,62.78240129221154,1.906608852233695,2026-03-28 16:07:37
13,Q3,73.4074458770183,1.6589971205516265,93.26831914255133,2.366274335632557,2026-03-28 16:10:47
13,Q4,51.72684336031473,2.509726464123337,75.67450336293903,3.1659064178859317,2026-03-28 16:13:57
14,Q1,33.56707386310867,1.0366021892288526,53.897002237713075,1.6885745506146475,2026-03-28 16:17:07
14,Q3,72.71440380509421,1.787522987968779,91.31300615034348,2.474276360496157,2026-03-28 16:20:17
14,Q4,56.20054626014672,2.8821329730961143,76.63226233018226,3.2469522374869118,2026-03-28 16:23:26
15,Q1,34.382602661028656,1.0701481201073555,53.4088049259822,1.6762193275266994,2026-03-28 16:26:36
15,Q3,69.35316442037436,1.8636651814400078,84.18496374584947,2.2323793697050553,2026-03-28 16:29:46
15,Q4,41.716294538424954,2.115152361889993,87.04176510611158,3.913465392812243,2026-03-28 16:32:56
16,Q1,32.45824152909015,0.948232600398014,54.26215098437977,1.5410240263045623,2026-03-28 16:36:06
16,Q3,61.327027235405176,1.6389185365747099,86.34511886202726,2.2731239404091945,2026-03-28 16:39:16
16,Q4,45.216719338879884,2.229400821164318,56.42790229802244,2.90911099566074,2026-03-28 16:42:26
17,Q1,34.38994837881174,0.9813053459234753,62.98257798638078,1.7621288176474061,2026-03-28 16:45:36
17,Q3,69.27271534017453,1.8255418135444637,99.02044514903517,2.19503289749693,2026-03-28 16:48:46
17,Q4,45.85706833120221,2.0516876144110556,60.29329418679754,2.8748820248948683,2026-03-28 16:51:55
18,Q1,36.34869153156292,1.078367620815148,52.11989856216389,1.5633892296212237,2026-03-28 16:55:05
18,Q3,63.29178870804372,1.6247420891198223,77.030223017665,2.0563013602323297,2026-03-28 16:58:15
18,Q4,55.459622550136736,2.5459119498196565,79.36193100772881,3.635525260612831,2026-03-28 17:01:25
19,Q1,35.13023684570036,1.028821733085735,58.48679053601925,1.7916031326286121,2026-03-28 17:04:35
19,Q3,59.22550467765268,1.6326635675961088,65.01456649947359,1.9890985460629254,2026-03-28 17:07:45
19,Q4,40.92545246193903,2.2591546769924995,60.33678313811266,3.053150328255751,2026-03-28 17:10:55
20,Q1,34.5621015414613,1.0341031214308412,52.48260432420567,1.537571525870346,2026-03-28 17:14:05
20,Q3,61.692864191883494,1.5875244067672,57.91900175742573,1.7819510268718206,2026-03-28 17:17:15
20,Q4,42.22822474726402,2.1536058483334757,73.836385886646,3.535409770125314,2026-03-28 17:20:25
21,Q1,33.89758218239888,1.0256850622240827,56.76985453589385,1.7426859939714179,2026-03-28 17:23:34
21,Q3,60.954033315871,1.665982256157648,52.533398854965114,1.9127084562403804,2026-03-28 17:26:44
21,Q4,42.41614800876129,2.28063582477944,48.3884588639836,2.4269233516732918,2026-03-28 17:29:54
22,Q1,39.321268458037714,1.1226396503588834,55.52317122109199,1.7392208538852263,2026-03-28 17:33:04
22,Q3,60.84310155867376,1.6726578758410087,64.29161024663674,2.2111250507238007,2026-03-28 17:36:14
22,Q4,38.31744524213259,2.2174889394419615,49.45581931953275,2.7542415883605966,2026-03-28 17:39:24
23,Q1,36.980720253512025,1.0503406501594894,55.966550631530815,1.6731926078973833,2026-03-28 17:42:34
23,Q3,63.11186541592353,1.3195600772231946,87.72731226544892,2.3113704628717517,2026-03-28 17:45:44
23,Q4,44.98197784539231,2.180317618771459,48.4009176836361,2.737183020415302,2026-03-28 17:48:54
24,Q1,32.61995797997296,1.0896093993497162,58.19179336036138,1.7522106883206208,2026-03-28 17:52:04
24,Q3,71.31909678406609,1.4692728339974228,91.32377622957377,2.0182814913322957,2026-03-28 17:55:14
24,Q4,40.95662890764717,1.8051742019765344,61.76346689439798,3.018616157465721,2026-03-28 17:58:25
25,Q1,33.83761234095392,1.0019669822722037,56.71976116117512,1.7598053881571785,2026-03-28 18:01:34
25,Q3,64.76454306196467,1.6403318929327446,81.19041807758627,2.3364267606936977,2026-03-28 18:04:45
25,Q4,42.99603957806863,1.9904724607169815,45.791079881519124,2.84747043379828,2026-03-28 18:07:55
26,Q1,29.5726441813497,1.0241631571972214,53.12296087986856,1.683417600664221,2026-03-28 18:11:05
26,Q3,67.91180123255174,1.7225075596249593,85.41938499309553,2.237951367676722,2026-03-28 18:14:15
26,Q4,44.43552190665023,2.199842615161445,66.14439531676769,3.252189482758513,2026-03-28 18:17:26
27,Q1,30.802247542068866,1.0821252472329357,45.94623435248937,1.400850669058606,2026-03-28 18:20:36
27,Q3,67.52652357347135,1.5992600264538142,87.6984093287235,2.115040482606823,2026-03-28 18:23:46
27,Q4,38.4322966831146,2.13849824831954,52.24677290121919,2.706127532182649,2026-03-28 18:26:56
28,Q1,31.482432157490333,1.0961999623723497,47.344811111154996,1.6354720689902214,2026-03-28 18:30:06
28,Q3,68.85707286256986,1.7866016411023538,86.50132257334688,2.227851271761506,2026-03-28 18:33:16
28,Q4,53.886216143143066,2.417680707294424,62.30856620382118,3.258831309669157,2026-03-28 18:36:26
29,Q1,34.952160530634316,1.0959802046846094,54.826586017396416,1.7486583767466963,2026-03-28 18:39:36
29,Q3,60.73004303184465,1.5481299568610365,74.87007540339285,2.0915560060109977,2026-03-28 18:42:46
29,Q4,41.4654427978414,2.210609574249441,61.504914754027645,3.280702931401527,2026-03-28 18:45:57
30,Q1,29.747740526554868,1.0196428569361429,49.02036804923917,1.5840396919907982,2026-03-28 18:49:07
30,Q3,59.90934944448759,1.5101708511495506,80.35169373196891,1.9734525687739022,2026-03-28 18:52:17
30,Q4,31.901696900528584,2.0469015137331854,83.75498005516005,4.02903116568771,2026-03-28 18:55:26
31,Q1,35.201824547230515,1.0964735906322096,52.72652840609098,1.5624736683765086,2026-03-28 18:58:36
31,Q3,63.56689238696082,1.6155176036769892,87.94551144986724,2.243476771254694,2026-03-28 19:01:46
31,Q4,51.581481497188655,2.5193268002441402,74.31444179396522,3.220653032392257,2026-03-28 19:04:56
32,Q1,35.93542581147107,1.1017389792990784,54.39350616780012,1.6321320105597772,2026-03-28 19:08:06
32,Q3,57.13848649900978,1.5478143031569613,79.48601083345378,2.1249301039632464,2026-03-28 19:11:16
32,Q4,49.130614550612144,2.3912869859449604,56.939654097165466,3.09548392431895,2026-03-28 19:14:25
33,Q1,32.076679692637605,1.0347073164994292,59.02038483012136,1.8607721284643464,2026-03-28 19:17:35
33,Q3,61.41033268943573,1.7252746198138962,81.29557834795109,2.232925814846156,2026-03-28 19:20:45
33,Q4,50.76731528028017,2.359749538520265,89.63707193091072,3.716183494246989,2026-03-28 19:23:55
34,Q1,39.04491402714678,1.1364094149586588,58.37535236144771,1.6714445517082024,2026-03-28 19:27:05
34,Q3,58.579508989481845,1.6179446750834432,86.89041337023725,1.999620202877884,2026-03-28 19:30:15
34,Q4,37.10498114233482,1.9200785358564063,63.70568741698581,3.0813173286726383,2026-03-28 19:33:25
35,Q1,37.54223546093766,1.098766449610594,63.02264616487111,1.9360152064313036,2026-03-28 19:36:34
35,Q3,57.645095458370314,1.2194513440638028,84.3130142480452,1.775182855176915,2026-03-28 19:39:44
35,Q4,49.12520099429241,2.2393249172095318,86.683334820807,3.9519820680359934,2026-03-28 19:42:54
36,Q1,30.01492626278433,1.0094364798450282,55.529108526153436,1.69595796274093,2026-03-28 19:46:04
36,Q3,63.70894140066152,1.4473365472500512,81.61327031394676,2.1886641931960193,2026-03-28 19:49:14
36,Q4,48.31269583951509,2.050084545695202,81.97875101189746,3.434168980005814,2026-03-28 19:52:24
37,Q1,33.957639360631,1.0345577808205626,63.18688622521015,1.719704102815739,2026-03-28 19:55:34
37,Q3,56.52233825776417,1.1119198631730536,80.35657640036708,2.0372656378839578,2026-03-28 19:58:43
37,Q4,38.060486164603276,1.9202536932875958,75.35618376983163,3.427972576331095,2026-03-28 20:01:53
38,Q1,35.825900929893535,1.0467204495173372,64.47848939791824,1.8288873887370942,2026-03-28 20:05:03
38,Q3,64.08739851777152,1.3057203659690524,90.94804482868282,1.9484606677839114,2026-03-28 20:08:13
38,Q4,39.26270835455426,2.146388377538415,86.3628667095945,4.0715781590293565,2026-03-28 20:11:24
39,Q1,39.216946263379064,1.0216591690137735,56.48573073217222,1.595013643147908,2026-03-28 20:14:34
39,Q3,57.51197533267095,1.4269908025720215,83.7738888219642,2.0562429645875313,2026-03-28 20:17:44
39,Q4,62.86193490421106,2.700013320763482,86.34034114668444,3.7202322405551165,2026-03-28 20:20:54
40,Q1,35.61238718190603,1.085839490219951,63.521516233003894,1.882263545038406,2026-03-28 20:24:04
40,Q3,59.90887589476227,1.4916578789940853,83.68161032129395,2.224721890263587,2026-03-28 20:27:14
40,Q4,54.35647956946835,2.5159237936034744,88.49511539306158,3.5972427261202804,2026-03-28 20:30:24
41,Q1,37.32822139469539,1.081193659031553,64.00945600414296,1.6785019361137623,2026-03-28 20:33:34
41,Q3,56.212913831081835,1.4057451803498178,88.13185755492606,2.339764582695651,2026-03-28 20:36:44
41,Q4,62.95069110536573,2.813145392266427,76.18575502079617,3.5909816572126245,2026-03-28 20:39:54
42,Q1,38.44983480978656,1.1792637999183329,55.908557229237374,1.7025016847805363,2026-03-28 20:43:05
42,Q3,64.48194023269834,1.3177947484882158,82.25658716625426,1.8648106949892937,2026-03-28 20:46:15
42,Q4,57.76708130349548,2.4988851304780133,95.47713939647683,4.081059182722633,2026-03-28 20:49:25
43,Q1,39.73065757513557,1.1116410452391579,60.543060225001824,1.5940574597614698,2026-03-28 20:52:35
43,Q3,77.96803966425158,1.8743937067761787,86.34236790614982,2.1510550140434996,2026-03-28 20:55:45
43,Q4,48.54954819590269,2.3083770973644953,80.6224010523809,3.691683522437687,2026-03-28 20:58:55
44,Q1,40.8367776025468,1.1796007013514334,65.04678368323566,1.8694110937954065,2026-03-28 21:02:05
44,Q3,77.04723882222109,1.7751586815191196,96.84864442829257,2.409028379160132,2026-03-28 21:05:15
44,Q4,56.768860470188066,2.4258109399739523,106.43345609721558,4.4577127610009075,2026-03-28 21:08:26
45,Q1,37.063995867894015,1.092658092065313,58.28325164913078,1.6794183861478067,2026-03-28 21:11:36
45,Q3,72.96432085443517,1.8351614180983462,106.41378372926319,2.904458779502352,2026-03-28 21:14:46
45,Q4,52.06573915039907,2.310195582593307,86.28781445590982,3.9199328575039254,2026-03-28 21:17:56
46,Q1,38.569699167390645,1.100544913443798,60.9688320146615,1.7981808666883068,2026-03-28 21:21:06
46,Q3,72.04212647345453,1.762037420098276,110.98486082547434,2.765001838433208,2026-03-28 21:24:16
46,Q4,65.97764736196292,3.023873974754085,89.25636120039846,3.9742945194792716,2026-03-28 21:27:26
47,Q1,36.512928583839255,1.1069337834055617,62.16009954384219,1.6567300087184322,2026-03-28 21:30:36
47,Q3,77.73373236172158,1.7140838251479782,100.85250534700478,2.5262269727862856,2026-03-28 21:33:46
47,Q4,49.428348740863505,2.1314409087936066,70.8583095300385,3.1161787722119905,2026-03-28 21:36:57
48,Q1,39.55555762190666,1.0015727000523331,57.36914544009529,1.6984945461066103,2026-03-28 21:40:07
48,Q3,78.3748228549514,1.9888096545086706,92.8251746383291,2.070208156098261,2026-03-28 21:43:17
48,Q4,41.50519677636692,2.0305134245663607,73.49144298649082,3.1201062878093646,2026-03-28 21:46:27
49,Q1,38.515984849363,1.1052717412654145,61.58604529342941,1.6813550264012023,2026-03-28 21:49:37
49,Q3,73.96915414396798,1.745388988281893,93.39767549858966,2.220266268864934,2026-03-28 21:52:47
49,Q4,48.43211891883271,2.1446867550867905,64.42297572075354,2.894697128592819,2026-03-28 21:55:57
50,Q1,39.13049684135176,1.1615464560138455,61.1419736537486,1.8450223355047024,2026-03-28 21:59:08
50,Q3,69.91140494318047,1.5225343426998632,84.19036800573562,2.2585545047961917,2026-03-28 22:02:18
50,Q4,49.904938099734764,2.3644166715141095,91.5775795618317,4.0552397670618054,2026-03-28 22:05:28
51,Q1,35.257274683194645,0.9443356228028275,56.622538714884584,1.6244166629965857,2026-03-28 22:08:38
51,Q3,75.27509657549447,1.6120133376331474,98.1377280105703,2.0730397410230665,2026-03-28 22:11:48
51,Q4,51.38775974274244,2.443847974975286,86.93798783680889,4.309933948079066,2026-03-28 22:14:58
52,Q1,41.32812194251034,1.110653289611195,61.00009487261399,1.6466758857889596,2026-03-28 22:18:08
52,Q3,65.45930845024108,1.6794759956218857,95.2406264532449,2.137748110737383,2026-03-28 22:21:18
52,Q4,41.7681794227359,1.9138347420639987,59.71279628504279,2.975500971665223,2026-03-28 22:24:29
53,Q1,39.23340462126194,1.112269390750694,59.45166873691625,1.6768902318176273,2026-03-28 22:27:39
53,Q3,72.18214112409649,1.804457737493416,86.3838857449768,2.3520154847476435,2026-03-28 22:30:48
53,Q4,43.82599592777002,2.1679186329113858,48.53596750710484,2.5927801946161155,2026-03-28 22:33:58
54,Q1,36.87378820076488,1.049799715392636,57.798008470721584,1.619503862464287,2026-03-28 22:37:09
54,Q3,69.98103786569749,1.8179108983353018,89.1611269759317,2.3591859825166948,2026-03-28 22:40:19
54,Q4,33.54774051993037,1.7379156703488021,44.88699780083399,2.7836128972280765,2026-03-28 22:43:29
55,Q1,39.32273180733056,1.1003081780791901,59.864780413647324,1.6076774006625518,2026-03-28 22:46:39
55,Q3,76.85317428577022,1.7525831612828404,96.22764468014444,2.2842771839555467,2026-03-28 22:49:49
55,Q4,29.344944457536943,1.9285305655633684,51.50657700832394,3.109683651677165,2026-03-28 22:52:59
56,Q1,39.24591241100497,1.1122707902626243,57.619929644780186,1.7590596241889733,2026-03-28 22:56:09
56,Q3,64.44767202854018,1.4932303988528042,96.84489673464006,2.050773762372823,2026-03-28 22:59:19
56,Q4,37.592748455061056,1.9414210034294428,46.95170908896514,2.763256438949458,2026-03-28 23:02:30
57,Q1,42.033648841330624,1.1358956027680023,68.66845132135386,1.9929366112625562,2026-03-28 23:05:40
57,Q3,70.8823889535493,1.8389589804697033,94.66792398159521,2.4713279621643767,2026-03-28 23:08:50
57,Q4,35.43571826896378,2.0674174637510396,45.84946451241109,2.3940097834615517,2026-03-28 23:12:00
58,Q1,38.99802698195037,1.0859526474728813,63.622980317647645,1.757748826028891,2026-03-28 23:15:11
58,Q3,73.53310265347328,1.763798771269885,92.73813230470347,2.5269637247621928,2026-03-28 23:18:21
58,Q4,33.68863413348907,1.8512599645362997,44.886997768029055,2.724450823816182,2026-03-28 23:21:31
59,Q1,37.38818529435717,1.1416536152673757,55.117412716784244,1.540170250039557,2026-03-28 23:24:41
59,Q3,70.74780659744967,1.5699370657188652,100.50154184368193,2.3073044935074303,2026-03-28 23:27:51
59,Q4,35.43812539928988,2.00526330439229,54.187246809340124,3.365251110513933,2026-03-28 23:31:01
60,Q1,36.22851385523948,1.0476609013680664,62.4380164877826,1.7771279027271853,2026-03-28 23:34:11
60,Q3,75.54360411985004,1.8737993828697783,100.39195658896531,2.6554447840772433,2026-03-28 23:37:21
60,Q4,32.538066102870154,1.8023534457492363,57.743188599799154,2.997101203489849,2026-03-28 23:40:31
61,Q1,39.94451967177887,1.1907062218187772,58.353969639148524,1.7016808514502724,2026-03-28 23:43:41
61,Q3,69.36994572653538,1.5553614596437286,95.06504198767828,2.458789984172805,2026-03-28 23:46:51
61,Q4,24.552064180504093,1.7232803892433004,44.886997767857146,2.752234823176425,2026-03-28 23:50:02
62,Q1,34.94454034324624,0.9395547862237736,62.88403285940936,1.8445386081570938,2026-03-28 23:53:12
62,Q3,71.2444441949669,1.7012907174404241,81.79190568486875,1.973937062818024,2026-03-28 23:56:22
62,Q4,22.976777840985587,1.623341102842939,47.92291972224325,2.8820243689742346,2026-03-28 23:59:32
63,Q1,35.50878984908504,1.0703857542242021,56.59673130163815,1.5677173184271802,2026-03-29 00:02:42
63,Q3,71.0510250937648,1.7611621346672919,89.24415517418443,2.356461522534797,2026-03-29 00:05:52
63,Q4,23.65998237443879,1.8186451507415964,50.01280492990281,2.8874530961618246,2026-03-29 00:09:02
64,Q1,36.926933607550374,1.1303205645594585,53.00050442114406,1.6168879415969344,2026-03-29 00:12:12
64,Q3,67.33433053986076,1.7583076619355815,91.42819932286629,2.203872983493386,2026-03-29 00:15:22
64,Q4,28.9750355013268,2.0479261729722644,54.531655202326206,3.158189737139627,2026-03-29 00:18:33
65,Q1,36.32482820676557,1.0887638347133535,56.26142651731065,1.686150850069252,2026-03-29 00:21:43
65,Q3,70.25928948414028,1.5908543527734307,92.78764112238761,2.0213322972553587,2026-03-29 00:24:53
65,Q4,25.09993620637227,1.8311697427959888,52.392553870380965,2.985684273819474,2026-03-29 00:28:03
66,Q1,38.50626301205485,1.075417389274298,49.414135955004696,1.5584574401059867,2026-03-29 00:31:13
66,Q3,68.4063338321337,1.4583746727078555,94.33368991780713,2.2084821008052993,2026-03-29 00:34:23
66,Q4,29.215171552615974,1.8199677350545773,54.327746188820164,3.232517291626956,2026-03-29 00:37:33
67,Q1,34.70960920863034,1.0231619848657936,58.173694588033875,1.757240157743609,2026-03-29 00:40:44
67,Q3,71.13578021584324,1.6994021526884204,86.71122865821411,2.387487569622862,2026-03-29 00:43:53
67,Q4,29.510491756022372,1.8717736535507925,52.42599354952835,2.9728881768914874,2026-03-29 00:47:04
68,Q1,36.14753140736004,1.1016029879842473,55.301744113229496,1.6833634930250152,2026-03-29 00:50:14
68,Q3,67.9215227662617,1.6018795151356264,92.30252745758007,2.424886000038024,2026-03-29 00:53:24
68,Q4,30.708042430958052,2.085970228365726,57.427092911581646,3.720024548273848,2026-03-29 00:56:34
69,Q1,33.49876538544086,1.0158123344433065,55.70344056272722,1.7344380516351094,2026-03-29 00:59:44
69,Q3,84.26765733595806,2.0017580183945776,90.08512971898088,2.4237007711286327,2026-03-29 01:02:54
69,Q4,47.55537408714136,2.3084985680112626,54.68002779047206,2.7356336103690326,2026-03-29 01:06:04
70,Q1,34.911240085417624,1.1037732404625316,55.23511415633755,1.791382571763562,2026-03-29 01:09:14
70,Q3,77.67793089565916,1.850323739153289,95.81150975802407,2.458321005773283,2026-03-29 01:12:23
70,Q4,47.02246875237135,2.3905811804055626,75.38852503608709,3.769633625231724,2026-03-29 01:15:34
71,Q1,34.48240099976833,1.0489907617621426,58.88754375477577,1.5935077607349912,2026-03-29 01:18:44
71,Q3,68.91628304175661,1.432674470773699,94.23921956576136,2.338920625838087,2026-03-29 01:21:54
71,Q4,44.04706665592641,2.2114769822174964,75.69652180484047,3.351905870355618,2026-03-29 01:25:04
72,Q1,33.95229498880873,1.0605248305288852,61.702323991946024,1.8908420033752595,2026-03-29 01:28:14
72,Q3,67.74688458657393,1.7269015291887198,101.87596002082522,2.6354617945773056,2026-03-29 01:31:24
72,Q4,44.34990815350359,2.199542378807376,65.77919962090532,3.160800127577197,2026-03-29 01:34:34
73,Q1,32.734486241668854,1.0599046349961554,58.78631909957391,1.7268522799581465,2026-03-29 01:37:44
73,Q3,70.87803876795581,1.7648648852528825,91.11877237830228,2.308947089931392,2026-03-29 01:40:54
73,Q4,42.539682372152306,2.229806766028353,60.86607017835505,3.037708931924248,2026-03-29 01:44:04
74,Q1,34.27206156115426,1.0707426334144907,58.47404686068614,1.7358018977542582,2026-03-29 01:47:14
74,Q3,70.39612318115036,1.4848526672321705,87.84198455466588,1.9101977740551757,2026-03-29 01:50:24
74,Q4,33.9027874277733,2.1645397108776323,66.45078198016293,3.331029724330227,2026-03-29 01:53:35
75,Q1,35.76361164584812,1.0335659599206501,57.21093665649088,1.7289994173378551,2026-03-29 01:56:45
75,Q3,76.54522801970562,1.831324958320861,100.90852066372723,2.4914932844841884,2026-03-29 01:59:55
75,Q4,23.906374667174884,1.8718838610412227,44.886997767857146,2.582737526900995,2026-03-29 02:03:05
76,Q1,34.898484978780466,1.089385676146536,54.68343310033609,1.6914941501504188,2026-03-29 02:06:15
76,Q3,74.1880464264195,1.862646276201583,100.46538084700289,2.1650633098500296,2026-03-29 02:09:25
76,Q4,28.06815850657375,1.675761522225923,44.886997767857146,2.853499162198595,2026-03-29 02:12:35
77,Q1,32.948838248452745,1.0175649067933876,56.01290646685731,1.6545792263865382,2026-03-29 02:15:45
77,Q3,73.9315232031901,1.9069854930466608,83.94117574589656,2.1830842883143036,2026-03-29 02:18:55
77,Q4,42.41852100715982,2.34828069125247,81.60313741737565,4.182917750435638,2026-03-29 02:22:05
78,Q1,32.78680780033959,1.0473909050685963,60.177517555495406,1.67382748070722,2026-03-29 02:25:16
78,Q3,74.7531974369994,1.8279261630596,101.59094030840987,2.634777733676225,2026-03-29 02:28:26
78,Q4,29.1806393580225,1.7794774708254064,63.164446394278386,3.2295781684749434,2026-03-29 02:31:36
79,Q1,32.96437708174499,1.0153927346265368,59.152181691366295,1.7465613112849692,2026-03-29 02:34:46
79,Q3,63.41426432539593,1.547825759993465,87.64121966990805,2.1832450467883837,2026-03-29 02:37:56
79,Q4,28.221725749625993,1.8059268871046144,44.886997767857146,2.8152343931401753,2026-03-29 02:41:06
80,Q1,36.71499147033407,1.0466387901124987,54.95733906305303,1.5883886531589615,2026-03-29 02:44:16
80,Q3,57.571613807814124,1.3900948318924689,81.28361719464098,2.2427331715091983,2026-03-29 02:47:27
80,Q4,49.673589002723354,2.4060023704639413,81.06979568843146,3.559568859730829,2026-03-29 02:50:37
81,Q1,33.423330425540044,1.0225339851902677,53.483019779401204,1.668072198061794,2026-03-29 02:53:47
81,Q3,62.80250028657316,1.5835103736326177,91.54269218531527,2.3370123315688214,2026-03-29 02:56:57
81,Q4,52.73035934877457,2.440913989107369,79.4202295487621,3.574793359153501,2026-03-29 03:00:07
82,Q1,34.2271747996084,0.9844527600686546,54.62478698472062,1.6974536375269391,2026-03-29 03:03:17
82,Q3,62.27477907449761,1.447668860018589,85.31633718139825,2.069752394354332,2026-03-29 03:06:27
82,Q4,50.69308537619295,2.2656903556146513,96.45593333276729,4.148584241181969,2026-03-29 03:09:38
83,Q1,35.62042313557522,1.0815072411124824,54.06738851485783,1.7425537315262742,2026-03-29 03:12:48
83,Q3,58.12805911893521,1.5326328062657752,76.89624342131425,2.0898616272793364,2026-03-29 03:15:58
83,Q4,53.81163131471283,2.589942285066828,88.63133565103514,3.9303068045296703,2026-03-29 03:19:08
84,Q1,33.65776733458585,0.9958068602958179,58.79313839950703,1.6987761888878836,2026-03-29 03:22:18
84,Q3,60.304201620197375,1.6139777850241002,82.78643470360642,2.256450260271828,2026-03-29 03:25:28
84,Q4,54.756121250514525,2.636393831096586,64.49043956175638,3.1006195482184378,2026-03-29 03:28:38
85,Q1,34.26055545616525,1.0875504759030437,54.88272395181667,1.6165114861496437,2026-03-29 03:31:48
85,Q3,53.64194822230862,1.4410806715842928,67.39697417831418,2.005631920117732,2026-03-29 03:34:58
85,Q4,47.508055412639806,2.2462068949547986,79.74413781089596,3.4680992741551875,2026-03-29 03:38:09
86,Q1,34.61011606048692,1.0673495227241372,52.48768858053904,1.515465775837298,2026-03-29 03:41:19
86,Q3,62.05886560097353,1.5485275571625416,85.34822909518493,2.2892469909433286,2026-03-29 03:44:29
86,Q4,68.82729509842689,2.9928282307059986,86.38048431441155,3.6791087543953447,2026-03-29 03:47:39
87,Q1,35.0986950473632,1.1284186681862989,55.33287308980376,1.5855836667105272,2026-03-29 03:50:49
87,Q3,59.21807212189581,1.5989852978254446,82.35415893384169,2.3487701651754778,2026-03-29 03:53:59
87,Q4,54.20694610887253,2.489052071877858,86.77385403198942,3.8904305871914246,2026-03-29 03:57:09
88,Q1,36.091475953985324,1.139238322184836,55.11404189428878,1.775418713811844,2026-03-29 04:00:19
88,Q3,58.66012463848112,1.4488427113225746,88.32975977769723,2.301368306075112,2026-03-29 04:03:29
88,Q4,47.982860401223846,2.424232308823607,77.95104396917041,3.7315405639078434,2026-03-29 04:06:39
89,Q1,35.164756973048576,1.0757078155506923,54.55662423197647,1.6997075312902,2026-03-29 04:09:49
89,Q3,57.91023876944103,1.529173318455578,80.42024653900063,2.338481726401716,2026-03-29 04:12:59
89,Q4,48.83326449872007,2.413476623022948,66.9598421706782,3.1268740260956727,2026-03-29 04:16:09
90,Q1,32.02632941284582,0.9363040512101022,52.21322439965595,1.4207746846247242,2026-03-29 04:19:20
90,Q3,55.68060074066811,1.5398324282435498,92.19919138605502,2.3541675212859237,2026-03-29 04:22:30
90,Q4,41.627345645003246,2.221558524119031,98.38014694848881,4.077461528125339,2026-03-29 04:25:40
91,Q1,31.496407548673794,0.9611052247531671,59.19351294664185,1.7809240753660114,2026-03-29 04:28:50
91,Q3,60.81629839178834,1.5547111844152455,77.42961182726279,2.054053221868427,2026-03-29 04:32:00
91,Q4,40.79630595327416,2.0653488017877124,77.65860200919941,3.781408628799779,2026-03-29 04:35:10
92,Q1,35.48810672994823,1.0366450464060457,55.6565374288181,1.7588732687373718,2026-03-29 04:38:21
92,Q3,60.03470379760134,1.3733073856304923,78.72880155711425,2.023031045195754,2026-03-29 04:41:30
92,Q4,47.99545790102352,2.2780353192888305,79.69797511334829,3.452988071191581,2026-03-29 04:44:41
93,Q1,34.075421244549915,1.0411465849605546,59.14371363716821,1.836712257948158,2026-03-29 04:47:51
93,Q3,58.72480040055724,1.688702795019672,79.72298638222597,2.3015301382284723,2026-03-29 04:51:01
93,Q4,50.5458187505652,2.539553795837661,63.53005209362984,2.747761399994587,2026-03-29 04:54:11
94,Q1,32.63709297408862,0.9983675773573332,55.57356779928333,1.7225501096210147,2026-03-29 04:57:21
94,Q3,59.61496385534152,1.5250462567992868,88.64261829605647,2.2625933354645036,2026-03-29 05:00:31
94,Q4,55.62285400982736,2.496731491991877,85.41237535417834,3.1226418820394146,2026-03-29 05:03:41
95,Q1,34.075798657111356,0.9404012633989439,55.52404001738866,1.8558049129865,2026-03-29 05:06:51
95,Q3,58.487638331384794,1.6678339941413003,88.55507358201083,2.1633188131160317,2026-03-29 05:10:01
95,Q4,53.34854972917435,2.5505264940498678,65.60401857002452,3.0696775964916294,2026-03-29 05:13:12
96,Q1,34.76373547305191,1.036501132594099,52.41749396666584,1.6888750973527753,2026-03-29 05:16:22
96,Q3,62.00687456366498,1.6235053309403273,92.0086892993232,2.298021559364312,2026-03-29 05:19:32
96,Q4,53.15305155041063,2.486688886439079,94.51219200839219,4.13575560488264,2026-03-29 05:22:42
97,Q1,33.79141097001896,1.0089750917036122,53.734766708696924,1.7048216574427233,2026-03-29 05:25:52
97,Q3,95.52929734998669,2.2323410602599285,113.42833435250164,2.457383877603606,2026-03-29 05:29:02
97,Q4,51.33266670148373,2.5217557007904357,59.243518019618485,2.883720124929859,2026-03-29 05:32:12
98,Q1,32.31657440939882,0.973863868729712,58.81673911377026,1.760243118297266,2026-03-29 05:35:22
98,Q3,102.04866517583565,2.601800246196978,132.0582231704196,3.3338906169172846,2026-03-29 05:38:32
98,Q4,50.613184522528286,2.281851117505701,74.85009899794402,3.3182576947346067,2026-03-29 05:41:43
99,Q1,33.59138716145184,1.0517377349395785,62.490259006710474,1.7952406354514594,2026-03-29 05:44:53
99,Q3,115.94217574941662,2.7693381600335076,113.49398984343397,2.916812298882312,2026-03-29 05:48:03
99,Q4,52.02180654540082,2.340958390297232,74.29500466568825,3.6204403547068096,2026-03-29 05:51:13
100,Q1,38.49071601907011,1.0605911943786424,56.193088253550314,1.6256224598809794,2026-03-29 05:54:23
100,Q3,111.23716343188575,3.007106950206589,140.34005847473455,3.2524859213255564,2026-03-29 05:57:33
100,Q4,43.30664252506287,2.0962718519900085,80.9718440509892,3.572160831750183,2026-03-29 06:00:43
101,Q1,39.47158632602026,1.0561607041348986,62.59277460637704,1.8247443215977512,2026-03-29 06:03:53
101,Q3,116.79095254022671,2.563443645197176,129.84140618715082,2.909623418955309,2026-03-29 06:07:03
101,Q4,47.65329837244442,2.293938695203818,79.09088989423532,3.533553427707989,2026-03-29 06:10:14
102,Q1,36.777259151033256,1.1175872733181031,55.04822248982185,1.504395228326172,2026-03-29 06:13:24
102,Q3,108.00033312035444,2.395587694570457,127.70931296775122,2.906679787952364,2026-03-29 06:16:34
102,Q4,54.3958114820004,2.3442777317939223,68.02235154667615,3.15658658904936,2026-03-29 06:19:44
103,Q1,36.7938100191511,1.1404059234010677,56.66380543633774,1.6500571668699808,2026-03-29 06:22:54
103,Q3,102.34510587436571,2.5118474142989493,117.65745418443649,2.9157862214998045,2026-03-29 06:26:04
103,Q4,57.360758045856926,2.6908079719883524,66.91545921588279,3.1127881686672874,2026-03-29 06:29:14
104,Q1,35.536634702454585,1.0938152705634192,56.27376748475162,1.7071954245418928,2026-03-29 06:32:25
104,Q3,110.52377652842348,2.9499328281846178,126.39668221967881,3.0619514362531612,2026-03-29 06:35:35
104,Q4,52.56928321160915,2.362787134747222,82.45135015029491,3.64099340617285,2026-03-29 06:38:45
105,Q1,31.755172074837276,1.0484555541629712,54.8986332817315,1.7605324486268692,2026-03-29 06:41:55
105,Q3,111.42040654266332,2.553506300885418,144.94519923079093,3.223470744369905,2026-03-29 06:45:05
105,Q4,48.75887046054221,2.2378769696557006,77.56875246653843,3.3655930409837107,2026-03-29 06:48:15
106,Q1,35.19624997805833,1.0736647610603163,59.96215758065848,1.816625819835213,2026-03-29 06:51:25
106,Q3,72.80079532434976,1.7874755460588376,95.65115643586554,2.4394778086902575,2026-03-29 06:54:35
106,Q4,46.45388201943247,2.3179179813970783,63.502160021063126,2.9813339993233576,2026-03-29 06:57:45
107,Q1,30.704900255824572,1.060677752656135,44.886997767857146,1.6348579125626312,2026-03-29 07:00:55
107,Q3,67.00706849766895,1.747615287338015,99.11253547813794,2.5041439925485838,2026-03-29 07:04:06
107,Q4,49.609978133031404,2.3589109513772386,73.64939386812631,3.5036419643067487,2026-03-29 07:07:16
108,Q1,31.70214893170049,1.0664732853608643,46.45831183132744,1.6095271298542912,2026-03-29 07:10:26
108,Q3,70.30544992683805,1.921808894757659,89.90828052023832,2.3102054332477184,2026-03-29 07:13:36
108,Q4,38.123993570137486,2.0176178842495047,86.84231132404146,3.759297036920119,2026-03-29 07:16:46
109,Q1,38.64926468466028,1.0920410254501307,48.947517584700705,1.6668547659097712,2026-03-29 07:19:56
109,Q3,69.84396834757645,1.6351345739183074,94.69922619957228,2.537624738292075,2026-03-29 07:23:06
109,Q4,44.313881145089745,2.1361124478372178,79.69044705731254,3.894626726972226,2026-03-29 07:26:16
110,Q1,38.294105984037316,1.0849996366446273,55.317474063257166,1.6875479399421296,2026-03-29 07:29:26
110,Q3,73.51489938139383,1.7755611854595135,95.96424468274493,2.4017845216015363,2026-03-29 07:32:36
110,Q4,52.38491350726146,2.435305104303074,73.86038947822578,3.256231659145318,2026-03-29 07:35:46
111,Q1,39.50970212114983,1.1243181629218577,65.41635246393905,1.8619953575433332,2026-03-29 07:38:57
111,Q3,69.53341790948629,1.7907048403126484,93.15004046213346,2.5375111434293953,2026-03-29 07:42:06
111,Q4,48.892272079592544,2.2495292924668315,77.08984208839426,3.4043625721398647,2026-03-29 07:45:17
112,Q1,40.86080504100015,1.136985277946534,63.17896746066642,1.7382677544424374,2026-03-29 07:48:27
112,Q3,70.89238492544322,1.551721603059138,99.07926074749568,2.3123788852698803,2026-03-29 07:51:37
112,Q4,45.47463677195144,2.2408411553670176,102.99222649097521,4.104381836606526,2026-03-29 07:54:48
113,Q1,39.82806688431381,1.1358725152091345,59.21862893553997,1.69984963181223,2026-03-29 07:57:57
113,Q3,69.3471673097521,1.8494646839901645,89.10634114224285,2.237664298134578,2026-03-29 08:01:07
113,Q4,49.272649070894964,2.3319429476339133,76.15460434805887,3.6678943390951004,2026-03-29 08:04:18
114,Q1,37.79783007424351,1.1202178254874369,60.85106877732852,1.781058478641179,2026-03-29 08:07:28
114,Q3,92.0693650206009,2.238880201557989,101.90875550659692,2.5323127636241836,2026-03-29 08:10:38
114,Q4,56.07609012209439,2.4929577857399123,56.863541273139084,2.9522361366435734,2026-03-29 08:13:48
115,Q1,38.92372050608957,1.135416118318161,55.68767075852341,1.6435095969531088,2026-03-29 08:16:58
115,Q3,94.6705612180475,2.2130918187643003,109.01144622285621,2.397459804551831,2026-03-29 08:20:08
115,Q4,63.25944673658191,2.8034717332383843,77.56432639661303,3.639825632158345,2026-03-29 08:23:18
116,Q1,39.21671045773443,1.0968426322891274,56.67453670531285,1.653929681122557,2026-03-29 08:26:28
116,Q3,87.98884507515237,2.105840537712881,123.85397288400428,3.1089620690152526,2026-03-29 08:29:38
116,Q4,44.33983120652312,2.022696087634549,72.5084440221482,3.095522356561312,2026-03-29 08:32:48
117,Q1,36.28457536486572,1.0690452760204456,55.14323775573414,1.757431937416741,2026-03-29 08:35:59
117,Q3,97.01975248186557,2.2359065651795453,98.45900873925821,2.4756590683741275,2026-03-29 08:39:08
117,Q4,35.397228179114805,1.8887902115517297,56.18242404717154,2.872083648146174,2026-03-29 08:42:19
118,Q1,41.43928434916252,1.1088751987758936,64.20658328662076,1.7042847034704942,2026-03-29 08:45:29
118,Q3,81.9498446484014,2.0097200955192975,103.35698447246232,2.647551026715549,2026-03-29 08:48:39
118,Q4,44.08206651276888,2.1477443034440555,64.63409672277011,3.0575696592782595,2026-03-29 08:51:49
119,Q1,38.259921372778244,1.0622399213387772,59.65429057344868,1.6056846340522224,2026-03-29 08:54:59
119,Q3,91.01956387969857,2.2065311634256615,103.34749355017719,2.45342737712272,2026-03-29 08:58:09
119,Q4,39.212745277405816,2.0297467655784858,62.292176037095786,3.007657961625834,2026-03-29 09:01:20
120,Q1,38.56529768845801,1.0856734732844817,60.004295487759244,1.7940628606147466,2026-03-29 09:04:30
120,Q3,86.24608174437667,1.8222914100838372,101.00797148408199,2.238561534076895,2026-03-29 09:07:40
120,Q4,46.749010831845084,2.212900120270996,60.01786729056943,2.9555185037004597,2026-03-29 09:10:50
121,Q1,36.861570569248826,1.0481555004256355,59.271498134535086,1.586526929977419,2026-03-29 09:14:00
121,Q3,93.02106336136112,2.3111581992076267,112.65792518151868,2.4234525617631557,2026-03-29 09:17:10
121,Q4,35.89053479884539,2.2311903217406654,62.395583175612494,3.3654170569655695,2026-03-29 09:20:20
122,Q1,37.11292814558991,1.0836398025717544,58.81792448660681,1.7560649847210685,2026-03-29 09:23:30
122,Q3,87.2308681316649,1.7946749946650207,111.0796041643314,2.6795258961297805,2026-03-29 09:26:40
122,Q4,36.14080150720774,1.89131483363997,77.34754808489411,3.7744242696667554,2026-03-29 09:29:51
123,Q1,38.227873819606124,1.1776752375777073,57.86679347850352,1.683266559475201,2026-03-29 09:33:01
123,Q3,102.78526281586949,2.3513888270478183,112.13141723782385,2.6383016193828253,2026-03-29 09:36:11
123,Q4,44.47961167670672,2.27397562573071,67.30992868086405,3.3570515956388975,2026-03-29 09:39:21
124,Q1,37.498971515696375,1.1608795881254033,60.40742803993621,1.7194753926672746,2026-03-29 09:42:31
124,Q3,99.54522955690007,2.2991726287362395,138.4478871345777,3.718067393130405,2026-03-29 09:45:41
124,Q4,47.83740940847777,2.250354163455161,84.7172202519006,3.5687915367474403,2026-03-29 09:48:52
125,Q1,36.26818835090541,0.9896185362113094,56.000768415812246,1.5222115434275598,2026-03-29 09:52:02
125,Q3,111.98272514730495,2.6983721052219205,123.83438276193243,2.9227330416692032,2026-03-29 09:55:12
125,Q4,57.0865258765366,2.5324101687673886,96.93530791758762,4.111711797530162,2026-03-29 09:58:22
126,Q1,36.091288656930224,1.1001325497894974,64.90661888472573,1.8874979054984518,2026-03-29 10:01:32
126,Q3,108.69620052607134,2.7538572957849414,134.8569733327808,3.2700930704687217,2026-03-29 10:04:42
126,Q4,54.73892971555201,2.756581646723191,63.58297093781887,3.0541686021686085,2026-03-29 10:07:52
127,Q1,33.78484683070297,1.0332183672450919,63.09311741354752,1.7855182903059577,2026-03-29 10:11:02
127,Q3,115.44548821177465,2.8902035086447753,127.914376321511,3.0184894309817243,2026-03-29 10:14:12
127,Q4,56.25495560537458,2.535470320995322,66.33825912126986,3.2027991820827015,2026-03-29 10:17:22
128,Q1,34.318453464166275,1.0430465284141623,61.54780384877131,1.6859157149712594,2026-03-29 10:20:32
128,Q3,120.12121659222052,3.036781374842493,105.5506881348806,2.7801828671459696,2026-03-29 10:23:42
128,Q4,51.17254442050307,2.577791623301079,106.48662204733196,4.230725763924036,2026-03-29 10:26:52
129,Q1,37.35346844314861,1.0865538524861564,59.385929720615,1.7730936750735695,2026-03-29 10:30:02
129,Q3,123.57857871195266,3.1147926289166072,130.83952939142108,3.0454362092476375,2026-03-29 10:33:12
129,Q4,52.79828375654552,2.4562116976794313,78.340171890932,3.3117552778366135,2026-03-29 10:36:23
130,Q1,33.07273351003753,1.003265041831834,55.04681105603907,1.5467352272539883,2026-03-29 10:39:33
130,Q3,122.14452522591935,2.8272396257789127,125.67817682126179,2.9293313203459066,2026-03-29 10:42:43
130,Q4,63.37432969092686,2.4398637779375765,72.39214114527137,3.0216144458888827,2026-03-29 10:45:53
131,Q1,38.59521371102066,1.1263527768347268,59.64015643547467,1.8783978300494886,2026-03-29 10:49:03
131,Q3,112.1885833454222,2.934595436453811,107.94763045113804,2.794010663275889,2026-03-29 10:52:13
131,Q4,54.679696794344046,2.4762148489891334,88.55859473305973,3.8428463156731016,2026-03-29 10:55:23
132,Q1,36.53255555173232,1.1220559942343287,58.78293083672226,1.7256077318259724,2026-03-29 10:58:33
132,Q3,112.3598924065539,2.7929275618148504,139.6255930105414,3.4532165513061104,2026-03-29 11:01:43
132,Q4,46.52835874533922,2.199965491099851,82.83238576062544,3.511326427161765,2026-03-29 11:04:53
133,Q1,36.099400511699166,1.0846971549998596,62.3621843094637,1.7419374248604211,2026-03-29 11:08:03
133,Q3,96.06845414950791,2.3718184191376124,105.23692324962911,2.5851659459002048,2026-03-29 11:11:13
133,Q4,59.58621266464931,2.6268650975279697,91.105329602473,4.037488469147605,2026-03-29 11:14:24
134,Q1,35.27598674605112,1.0753662715133612,54.698578512652425,1.7469580989243605,2026-03-29 11:17:34
134,Q3,96.22966713841053,2.2733409613208924,101.33418440654162,2.577120284659638,2026-03-29 11:20:44
134,Q4,55.62414721910451,2.598739810887931,74.6977461275239,3.3150225241210385,2026-03-29 11:23:54
135,Q1,35.3933136357307,1.024108039527643,57.53941213998611,1.7453954005266572,2026-03-29 11:27:04
135,Q3,89.20142107073711,2.268814315427035,97.08373978771635,2.5548816644547867,2026-03-29 11:30:14
135,Q4,58.0719777895417,2.531463893207125,99.77046878983356,4.160918055034024,2026-03-29 11:33:24
136,Q1,33.65321638098455,1.0339136575547672,51.81399739464976,1.708753571382307,2026-03-29 11:36:35
136,Q3,95.30343012450143,2.356031890592104,117.26084566892456,3.0126577178793155,2026-03-29 11:39:45
136,Q4,57.67226789303782,2.5752557910615392,94.48753903264071,4.325961700351592,2026-03-29 11:42:55
137,Q1,38.27790783397896,1.1150079199452698,55.91509011558199,1.7315444441116263,2026-03-29 11:46:05
137,Q3,80.63275256409506,2.1364791975388284,103.9533776698905,2.6751377602502515,2026-03-29 11:49:15
137,Q4,57.84380588625923,2.4953492068205674,75.96869061942746,3.5372572554294135,2026-03-29 11:52:24
138,Q1,36.71677892412416,1.1029121462779143,55.795044252262386,1.5582009016120535,2026-03-29 11:55:35
138,Q3,75.90222206964197,1.9020583594231217,112.25284415404325,2.881719719298061,2026-03-29 11:58:45
138,Q4,58.62549488427756,2.6752086619862365,78.21242063181917,3.5542680168743317,2026-03-29 12:01:55
139,Q1,35.423260187406086,1.0382520067857315,61.5316846946583,1.8748504204080374,2026-03-29 12:05:04
139,Q3,64.91167156523949,2.0200809492845724,124.18917015762713,2.9576506172367285,2026-03-29 12:08:14
139,Q4,54.51142775596901,2.401102970044872,97.41419712603678,4.2780145761083,2026-03-29 12:11:24
140,Q1,35.08866365938305,0.9288612557150974,54.797935853285004,1.7343624550855994,2026-03-29 12:14:34
140,Q3,62.74862821008155,2.3936943882663,60.28882600654218,2.2559878626066086,2026-03-29 12:17:44
140,Q4,57.411203308688386,2.6741316965285855,61.581092678796296,2.9523967946413,2026-03-29 12:20:54
141,Q1,36.338770198618356,1.058794118979632,55.867155732346795,1.5375976211422167,2026-03-29 12:24:04
141,Q3,59.5307425573204,1.7708768030220203,44.886997767857146,2.792082587382808,2026-03-29 12:27:14
141,Q4,63.3129352651874,2.7190382140937643,66.13977939926572,2.9254894767773174,2026-03-29 12:30:24
142,Q1,36.55181409115855,1.0260310238975758,57.51797882170734,1.7308990027406117,2026-03-29 12:33:34
142,Q3,57.04149666067854,1.6510182457936355,44.886997767857146,2.2936684704525843,2026-03-29 12:36:44
142,Q4,48.90217185934079,2.316180829595339,87.01796803253607,4.117702891566148,2026-03-29 12:39:55
143,Q1,33.87143177092685,1.0453743882419826,65.30773638457185,1.7752888904810724,2026-03-29 12:43:05
143,Q3,54.410929023582185,1.7808882308605904,44.886997767857146,2.646262528358158,2026-03-29 12:46:15
143,Q4,61.780365722884305,2.699227298824461,73.80299730677936,3.380130793022821,2026-03-29 12:49:25
144,Q1,36.36815206407804,1.1270068534966962,61.999139472568466,1.8440686530813957,2026-03-29 12:52:35
144,Q3,50.181522804226184,1.5182253999706548,53.334372458969256,1.8243980298278986,2026-03-29 12:55:45
144,Q4,61.85608162641371,2.7166339664728603,106.33410845434572,4.502371024281659,2026-03-29 12:58:55
145,Q1,38.27710918308828,1.1186992014775157,56.12221629259248,1.7119120992570456,2026-03-29 13:02:06
145,Q3,57.861368545316736,1.5571983979576063,78.30943951252102,2.157453503237375,2026-03-29 13:05:15
145,Q4,70.77203524307626,2.907428635068699,126.59848228924275,4.962248012592164,2026-03-29 13:08:26
146,Q1,37.315668770978036,1.0976907268616833,56.861041222498365,1.5931660824355678,2026-03-29 13:11:36
146,Q3,65.59618445367059,1.7633980287112172,88.05553367632103,1.972783121302218,2026-03-29 13:14:46
146,Q4,68.60718019740617,2.9906345757318324,96.523165626909,4.013760948834689,2026-03-29 13:17:56
147,Q1,34.189296873641055,1.0734239770957092,63.654163730140255,1.835362310192692,2026-03-29 13:21:07
147,Q3,68.98127561431862,1.7549234421690028,80.53904032957816,1.9528545929870669,2026-03-29 13:24:17
147,Q4,77.61703799619288,3.3937698048094638,123.56353604868434,4.8052395787731905,2026-03-29 13:27:27
148,Q1,36.12936324653417,1.0805359689981877,60.1553120656816,1.6834776453305453,2026-03-29 13:30:37
148,Q3,73.50650087355021,1.8731968301996562,90.92356499214316,2.504786160479003,2026-03-29 13:33:47
148,Q4,81.71549356355742,3.404554281609064,150.6856223429844,5.9118147876954055,2026-03-29 13:36:57
149,Q1,35.4993905337044,1.0699380028241143,54.44814217135535,1.602607007278689,2026-03-29 13:40:07
149,Q3,71.78706570446691,1.8613142418314872,96.62857743644751,2.4542836170497337,2026-03-29 13:43:17
149,Q4,51.7777559449108,2.4956358676905914,93.36063376520106,4.058465830390481,2026-03-29 13:46:27
150,Q1,31.9881295515913,1.0667283297912342,66.1764417764232,1.9032251379672447,2026-03-29 13:49:38
150,Q3,92.45623056123247,2.1916595900072697,98.34292553471057,2.188337613727876,2026-03-29 13:52:47
150,Q4,61.49560225450388,2.9961640320017273,79.41149740520315,3.5274402572585064,2026-03-29 13:55:58
151,Q1,36.62698621285523,1.0607120751235355,55.10570464920767,1.6277677351472515,2026-03-29 13:59:08
151,Q3,80.4247059922501,1.8294232933223897,102.89335906529394,2.6024147183923865,2026-03-29 14:02:18
151,Q4,55.368327238756294,2.4407502619353627,112.12545013244966,4.593942654307048,2026-03-29 14:05:28
152,Q1,39.41797623492733,1.1129083816336498,67.36432525232254,1.9273461142866817,2026-03-29 14:08:38
152,Q3,78.88296798977322,1.9381264552119468,90.2549751493732,2.0666916501285573,2026-03-29 14:11:48
152,Q4,56.967442490484515,2.660870809334435,84.1603903420373,3.851704139013666,2026-03-29 14:14:58
153,Q1,39.52583774498206,1.1200023085470903,69.34031577674321,2.0099940175711235,2026-03-29 14:18:08
153,Q3,67.45161037762887,1.5998688263818286,98.8994488737308,2.4672241470620753,2026-03-29 14:21:18
153,Q4,55.83878079223676,2.4271175313577555,90.99464601992788,3.697673508156024,2026-03-29 14:24:29
154,Q1,40.92386341893517,1.09937759538523,64.91266531760307,1.8244579855376988,2026-03-29 14:27:39
154,Q3,76.26300761546747,1.97222232046005,89.71838045918287,2.5620126533342735,2026-03-29 14:30:49
154,Q4,69.2220533593489,3.003785712135333,120.56196567511157,4.861926106670228,2026-03-29 14:33:59
155,Q1,38.50798109702874,1.1136799440829277,64.7612303939308,1.9002470038865265,2026-03-29 14:37:09
155,Q3,81.3395758589815,2.045930072883033,94.56880703183933,2.4097747145721757,2026-03-29 14:40:19
155,Q4,72.69847748077997,3.2496772491680304,88.54242856920273,3.951221162276555,2026-03-29 14:43:29
156,Q1,38.47075009043536,1.1284661498585236,57.502017555996524,1.7560208953845386,2026-03-29 14:46:39
156,Q3,74.13189364825388,1.5526679442961588,90.27026467357548,1.895699313661248,2026-03-29 14:49:49
156,Q4,76.19961033614781,3.3404380463516015,87.99329882288853,3.835162791426864,2026-03-29 14:52:59
157,Q1,36.33525720393974,1.0621142749479688,59.790187499139435,1.6799696927138297,2026-03-29 14:56:09
157,Q3,69.6427900948787,1.8062081997721164,90.0272136181317,2.256375670501408,2026-03-29 14:59:19
157,Q4,68.45865503130979,2.931984506956744,87.14839654489782,4.0576405019642054,2026-03-29 15:02:30
158,Q1,38.651346518024624,1.1021770156498685,65.0002222113872,1.8323194383771182,2026-03-29 15:05:40
158,Q3,79.81214977659262,1.746496104478011,98.47899631584316,2.453573430060413,2026-03-29 15:08:50
158,Q4,73.1973929054651,3.253892615979895,91.00210028010223,3.979637542301026,2026-03-29 15:12:00
159,Q1,34.14241701230569,1.0707681111078415,61.07419229419347,1.9094144769068166,2026-03-29 15:15:10
159,Q3,80.08453686407546,2.058632132166325,103.09309073986803,2.76511702878406,2026-03-29 15:18:20
159,Q4,64.55179794461291,2.8564094027618676,92.4500814439438,3.812260312127299,2026-03-29 15:21:31
160,Q1,37.99738279749419,1.0644807760501764,58.88931688882971,1.6473207911821188,2026-03-29 15:24:41
160,Q3,77.70012100956684,1.9810864328824906,92.45476172431464,2.4545579732774447,2026-03-29 15:27:51
160,Q4,57.33183304031924,2.442589576313468,89.15186426516702,3.647835862092857,2026-03-29 15:31:01
161,Q1,36.39776220989968,1.0669187570748426,58.314741737558606,1.6234222111367662,2026-03-29 15:34:11
161,Q3,114.35969852660119,2.534084611738615,107.76159094548699,2.7997330967330436,2026-03-29 15:37:21
161,Q4,71.76208361056085,3.02799688021893,78.95132233162165,3.407424304589644,2026-03-29 15:40:31
162,Q1,35.35553339141112,1.0514937283170054,61.78571409743601,1.8112100912560507,2026-03-29 15:43:41
162,Q3,98.85036135658748,2.388209144622899,111.79675993926769,2.589218426413002,2026-03-29 15:46:51
162,Q4,71.89412455211368,3.1598877799132645,100.17037235697018,3.8700941887039826,2026-03-29 15:50:01
163,Q1,37.405631781040846,1.0978432297289453,58.74160205169693,1.7268682944145033,2026-03-29 15:53:11
163,Q3,83.92859758005837,1.927122188877307,104.18217839057942,2.36031921955465,2026-03-29 15:56:21
163,Q4,66.28977638655499,2.62873568490305,86.06743993314713,3.6065664969256592,2026-03-29 15:59:32
164,Q1,39.6937687411191,1.1510296102526747,60.83914943279057,1.8279917631649585,2026-03-29 16:02:42
164,Q3,88.7858487344607,2.2887412479509326,109.02142809892678,2.735426627237745,2026-03-29 16:05:52
164,Q4,63.583218214011445,2.7938128949842334,99.17529372805504,4.282899187606746,2026-03-29 16:09:02
165,Q1,37.2186213213391,1.0822997412414677,57.995243309733894,1.6613022692594313,2026-03-29 16:12:12
165,Q3,110.18649105847726,2.820171648637675,129.02800161880063,3.101097948310244,2026-03-29 16:15:22
165,Q4,60.489584916840144,2.6026774246695004,80.5851996503281,3.4382874050850702,2026-03-29 16:18:32
166,Q1,38.08462411447348,1.064621906591815,58.34440958302612,1.61795354896467,2026-03-29 16:21:42
166,Q3,108.05181799181706,2.683634946213509,129.86415443343157,3.1160851975572785,2026-03-29 16:24:52
166,Q4,59.70520228422093,2.555435950535622,73.88337278099233,3.1437392463458878,2026-03-29 16:28:02
167,Q1,38.391002145773456,1.152491725133681,61.00450968234912,1.6338175643137116,2026-03-29 16:31:12
167,Q3,120.03376870473134,2.7453706810993146,144.0100802564102,3.5272182866497843,2026-03-29 16:34:22
167,Q4,69.45177126386646,2.9887162285827595,147.48290749351506,5.776109480659607,2026-03-29 16:37:32
168,Q1,36.865868932840115,1.137026693899688,59.49974892388997,1.7579278989182565,2026-03-29 16:40:42
168,Q3,123.88431106580285,2.8324775580770645,123.90300767480205,2.942955859618422,2026-03-29 16:43:52
168,Q4,53.88739743215226,2.1772598086687496,106.82317581560278,4.328870719249254,2026-03-29 16:47:03
169,Q1,28.109104533521176,0.9371578093183148,44.886997767857146,1.583490646580815,2026-03-29 16:50:12
169,Q3,103.02896950145931,2.5334306824553323,133.63184126250854,3.5189587376286653,2026-03-29 16:53:23
169,Q4,49.23936287321642,2.2204864054892464,91.50310361655983,3.7005272359730905,2026-03-29 16:56:33
170,Q1,26.608773821483332,0.9657529120877755,46.58548890374236,1.7433836314538662,2026-03-29 16:59:43
170,Q3,114.54143976116495,2.674942151179788,115.43024517447444,2.800148187104829,2026-03-29 17:02:52
170,Q4,47.88683849126396,2.299369674875156,79.77886498097091,3.25918186364814,2026-03-29 17:06:03
171,Q1,26.574336196533242,0.9217241701413557,44.886997767857146,1.6556538979922426,2026-03-29 17:09:13
171,Q3,108.08455175014645,2.4886291933996265,123.77492181832018,2.8839529527855676,2026-03-29 17:12:23
171,Q4,61.51084710306873,2.8174677535192685,108.48795025507621,4.552180272006313,2026-03-29 17:15:33
172,Q1,27.607869520296838,0.882278608328417,45.80222818669081,1.7475199668254724,2026-03-29 17:18:43
172,Q3,107.65114748526362,2.5782241290586847,125.98741990718257,3.069298007239977,2026-03-29 17:21:53
172,Q4,64.8676675359063,3.000148703038393,82.02422007075658,3.5251303699620506,2026-03-29 17:25:03
173,Q1,24.443686870592796,0.9545398269412292,44.8869977678587,1.4514086776870947,2026-03-29 17:28:13
173,Q3,102.71502000875141,2.7328581742597646,133.44322645806582,2.975465550908891,2026-03-29 17:31:23
173,Q4,49.110315140789645,1.9256132853740675,77.84379155645505,3.2635971507170463,2026-03-29 17:34:33
174,Q1,24.637250225933588,0.9237556442573903,44.886997767857146,1.503047850554515,2026-03-29 17:37:43
174,Q3,119.36396173137229,2.982608894049211,151.66751061368998,3.6103296385667085,2026-03-29 17:40:53
174,Q4,69.26712042253644,2.962608350157167,86.96130332218885,3.5248087204123615,2026-03-29 17:44:03
175,Q1,26.43615191447802,0.9118743889823174,44.886997767857146,1.609371034663272,2026-03-29 17:47:13
175,Q3,103.98686727047183,2.5240375591024793,124.6367485146074,3.228367590268185,2026-03-29 17:50:23
175,Q4,82.36089784104574,3.3148040286502822,85.43788441013001,3.662356848178485,2026-03-29 17:53:33
176,Q1,28.13067013906331,0.9975477103741709,44.886997767857146,1.5321881071968129,2026-03-29 17:56:44
176,Q3,101.98949453118361,2.4811814699611743,121.09565717215531,3.0525178752565387,2026-03-29 17:59:53
176,Q4,62.227146469684506,2.809739343900106,161.0182378018584,6.105715325391411,2026-03-29 18:03:04
177,Q1,26.239515960930305,0.9833288697419321,47.102734117575686,1.674414179359903,2026-03-29 18:06:14
177,Q3,106.38470532614382,2.702985439776386,129.66542773507484,2.662264324510507,2026-03-29 18:09:24
177,Q4,53.2682915579179,2.4789939830850694,82.02625606637571,3.622063564396122,2026-03-29 18:12:34
178,Q1,26.685516452018536,0.9679608524254053,48.18918255662967,1.5788099833090563,2026-03-29 18:15:44
178,Q3,97.09042939937046,2.3440753832105408,110.91437011212165,2.8000248640147736,2026-03-29 18:18:54
178,Q4,60.606904411534494,2.717025050701376,117.117775600344,4.380750484664102,2026-03-29 18:22:04
179,Q1,25.233457050220117,0.9177871198562203,44.94660417723911,1.572835393541902,2026-03-29 18:25:14
179,Q3,93.35780093161836,2.138847870015506,108.08536532174998,2.6216441724836703,2026-03-29 18:28:24
179,Q4,62.149836128165205,2.5960683559985864,94.82394972128512,4.133278648256808,2026-03-29 18:31:34
180,Q1,19.488790071407543,0.9276994909780271,47.77799493443586,1.792117694231094,2026-03-29 18:34:44
180,Q3,108.76374207451134,2.2496993637971276,118.82370028934751,2.6550748928918315,2026-03-29 18:37:54
180,Q4,93.55928330488901,3.9983633949317703,107.48723189061623,4.432110334428025,2026-03-29 18:41:05
181,Q1,17.019999110005124,0.9207339149038762,44.886997767857146,2.4059665006158584,2026-03-29 18:44:15
181,Q3,100.64940884024223,2.3345665464221503,133.2180645386427,3.2871203245916956,2026-03-29 18:47:25
181,Q4,64.86616785567,2.8557065260102,93.62626494118356,4.138620508519585,2026-03-29 18:50:35
182,Q1,22.551592193010407,1.0572927261906018,44.886997767857146,2.096439419512898,2026-03-29 18:53:45
182,Q3,104.23204405810239,2.590594184720284,119.29785793394296,2.920968578371531,2026-03-29 18:56:55
182,Q4,63.491203729995746,2.9764952987191275,93.67577552717889,4.0125019277505976,2026-03-29 19:00:05
183,Q1,23.370484984314274,1.0925689382054733,44.886997767857146,2.3064367180836878,2026-03-29 19:03:15
183,Q3,122.70464303800134,2.8403632672006682,135.9927965877481,3.243608249829347,2026-03-29 19:06:24
183,Q4,56.81893210056157,2.458460681894562,73.57581494881221,3.4261867365684395,2026-03-29 19:09:35
184,Q1,27.738046948838203,1.026858030396052,45.656577519096636,1.640821816756894,2026-03-29 19:12:45
184,Q3,109.7582206417413,2.4823469424410414,135.84918249026515,3.2902807686556814,2026-03-29 19:15:55
184,Q4,70.39312573196449,2.9615857484310113,121.15756609937108,4.841678749052434,2026-03-29 19:19:05
185,Q1,27.689981205986854,0.984094771516391,51.276826469619124,1.5667607927844984,2026-03-29 19:22:15
185,Q3,98.00423749059492,2.2789800515420584,133.10126856650467,3.074505735332276,2026-03-29 19:25:25
185,Q4,69.00250131792286,3.2604980982646135,88.2992749169533,3.944463134692681,2026-03-29 19:28:35
186,Q1,30.55179855909363,1.0528443740316882,46.70661701222045,1.4408903764837289,2026-03-29 19:31:45
186,Q3,88.18503799688015,2.0981472966048207,127.5801889499048,3.142165333122756,2026-03-29 19:34:55
186,Q4,60.801681270605066,2.8552674155771767,112.50789189459832,4.696179657537969,2026-03-29 19:38:05
187,Q1,31.920420684439026,1.0056385154409226,48.41507638125235,1.4919485417050764,2026-03-29 19:41:15
187,Q3,90.86075452138677,2.2149953570432253,124.9020106559335,3.226633002680056,2026-03-29 19:44:25
187,Q4,59.02381453015563,2.5105367290586225,97.51847682183195,3.8634479711622642,2026-03-29 19:47:36
188,Q1,31.19479953163716,1.0136908712350576,49.7131616756751,1.6381966990204553,2026-03-29 19:50:45
188,Q3,77.27294534095606,1.8744748252605756,100.12318750034287,2.3774183859126694,2026-03-29 19:53:56
188,Q4,66.07756501574246,2.9537732069932416,86.72994759161563,3.7850050438164926,2026-03-29 19:57:06
189,Q1,29.987031871464314,0.9922463569662927,51.252688112150274,1.6313434925268935,2026-03-29 20:00:16
189,Q3,72.7389020387293,1.771060408987616,90.43051905634768,2.3077282954374687,2026-03-29 20:03:26
189,Q4,73.11789371721149,3.0356438043047556,68.51012049163378,3.133415101664117,2026-03-29 20:06:36
190,Q1,35.05706821185334,1.086467413297915,56.16060002798277,1.73356333560291,2026-03-29 20:09:46
190,Q3,70.61282808428314,1.464473764955263,89.70578500430777,1.877599376560887,2026-03-29 20:12:56
190,Q4,55.97427554833594,2.466004566374265,93.26166123000269,3.638645927385598,2026-03-29 20:16:07
191,Q1,41.110892783612044,1.1972175863659424,54.19205782590947,1.6837890667026778,2026-03-29 20:19:17
191,Q3,80.55874633968051,1.8471971730731218,94.6875185731245,2.196997558264731,2026-03-29 20:22:27
1,Q1,39.00433010566082,1.0313445343445182,60.88145448271761,1.605651536512453,2026-03-29 20:28:19
1,Q3,78.22785626674073,1.719145878341435,98.82309939049027,2.3206617739244644,2026-03-29 20:32:42
1,Q4,60.29448760552119,2.339729387587249,109.65241383910686,3.862738897192193,2026-03-29 20:37:06
2,Q1,38.31380376649876,1.0208346695605726,55.380239782381246,1.6290474705623845,2026-03-29 20:41:29
2,Q3,73.94897756925876,1.7055907964683013,99.83826849002833,2.369016109014931,2026-03-29 20:45:52
2,Q4,65.9165776263722,2.4497145269375364,105.95778721214795,4.239556482228558,2026-03-29 20:50:15
3,Q1,37.45769416657412,1.0569501657236005,55.93083013689891,1.6348604275049994,2026-03-29 20:54:38
3,Q3,75.67286554906806,1.5044615178344671,97.89336454345052,2.1649918485797874,2026-03-29 20:59:01
3,Q4,60.94021675977421,2.258017039985321,79.27496937102335,2.9243863573836784,2026-03-29 21:03:25
4,Q1,40.43294259420724,1.0993568531603939,67.91981559527933,1.8365150536247947,2026-03-29 21:07:48
4,Q3,66.86608723277799,1.5650276874367792,92.65775861683726,2.1683166589683642,2026-03-29 21:12:11
4,Q4,61.63214446332644,2.593350934787994,113.72982558351772,4.101154797320702,2026-03-29 21:16:34
5,Q1,40.30599023932125,1.073078600536688,56.21619532082587,1.5957550616007454,2026-03-29 21:20:57
5,Q3,67.82792534326596,1.5539303110080114,88.26679692271468,2.305192642103325,2026-03-29 21:25:20
5,Q4,64.20724133164627,2.441641722246991,107.71997071723152,4.307348651490568,2026-03-29 21:29:43
6,Q1,37.71732435147617,1.1210936029437208,57.46285873834745,1.4725603055426784,2026-03-29 21:34:07
6,Q3,70.02333223787276,1.6334952246435255,84.37423977813208,1.7288928969535302,2026-03-29 21:38:30
6,Q4,65.0536466165251,2.5232332003015996,114.73862206057876,4.623193439865511,2026-03-29 21:42:53
7,Q1,38.64922593058537,1.0705851386899747,56.27540464332412,1.6971353376071971,2026-03-29 21:47:16
7,Q3,67.63790831116542,1.4876424330016538,93.93955021867332,2.211640424950426,2026-03-29 21:51:39
7,Q4,74.35377917035292,2.7848628188839046,96.08109157070542,3.3675108141843655,2026-03-29 21:56:02
8,Q1,27.13253502594445,0.9442529760462249,44.886997767857146,1.5106068914461084,2026-03-29 22:00:26
8,Q3,68.37241466864235,1.1662089534852067,87.62878375790058,2.120026375794163,2026-03-29 22:04:49
8,Q4,66.37671333307331,2.7083597010876224,102.65766474469378,3.5780265049145417,2026-03-29 22:09:12
9,Q1,40.101071664561005,0.9872780439949221,60.84178704952778,1.5505329633648477,2026-03-29 22:13:35
9,Q3,74.21905597757777,1.3507146268757342,114.97392294143314,2.675723560844318,2026-03-29 22:17:58
9,Q4,64.53684048643757,2.4043292970881014,91.13747228220326,3.182387862023698,2026-03-29 22:22:22
10,Q1,37.45158042062224,1.0260377951419433,59.5046383587821,1.7476222721850645,2026-03-29 22:26:45
10,Q3,70.71725498268292,1.5850464798070159,100.45042797068963,2.2914349012593838,2026-03-29 22:31:08
10,Q4,64.97421542020184,2.410856480516997,92.79213953721808,3.4585126099274195,2026-03-29 22:35:31
11,Q1,38.29657460768353,1.0987925336907252,64.56680302067782,1.7652538698384628,2026-03-29 22:39:55
11,Q3,76.00620431682205,1.5598605947700743,94.63914615084859,2.145318603777593,2026-03-29 22:44:18
11,Q4,72.11384748116318,2.7583537551913873,83.69085334764682,3.2419008358944805,2026-03-29 22:48:41
12,Q1,38.428597969731776,1.1015879426539958,66.0055728335778,1.863521676618327,2026-03-29 22:53:04
12,Q3,83.27145098978997,1.895978837118653,113.82304765766585,2.4790153000142885,2026-03-29 22:57:27
12,Q4,58.97745039321493,2.4486192519807304,71.8575360849698,2.9691563189277623,2026-03-29 23:01:51
13,Q1,39.59822208991812,0.9802839555066332,66.01058148563024,1.7546695903671636,2026-03-29 23:06:14
13,Q3,78.91579610276136,1.671659166890136,108.99392986238873,2.528440758599615,2026-03-29 23:10:37
13,Q4,64.7239908503149,2.6893874069062202,98.38019436733354,4.230716157251389,2026-03-29 23:15:00
14,Q1,40.782512252399066,0.9949661096321657,59.66952477840617,1.665383203273994,2026-03-29 23:19:24
14,Q3,72.08184730321516,1.5738410512090697,87.25398643194528,2.0415935860368677,2026-03-29 23:23:46
14,Q4,57.67739893881139,2.2586284892521813,97.54588911734096,3.7907124020512186,2026-03-29 23:28:10
15,Q1,40.55605961391421,1.1047587683220361,55.108643652376,1.4914443998677815,2026-03-29 23:32:33
15,Q3,70.99271955662842,1.6134930305282227,107.88226803966698,2.4162979244400717,2026-03-29 23:36:56
15,Q4,63.036621442595084,2.3628282259952207,85.72431886403872,3.5639968766825394,2026-03-29 23:41:19
16,Q1,42.61032720042684,1.0635396068177483,59.211755601833325,1.5613887111604974,2026-03-29 23:45:42
16,Q3,70.29908056335982,1.456153462505764,107.19465067360227,2.3659791117943128,2026-03-29 23:50:05
16,Q4,62.96917228627238,2.389955417037736,81.70070164508199,3.1757758249224697,2026-03-29 23:54:28
17,Q1,38.559760917525885,1.163522819445996,63.00201731208904,1.7319324558673372,2026-03-29 23:58:52
17,Q3,79.35021762938756,1.758520074298606,106.00404697492434,2.4240491891230476,2026-03-30 00:03:15
17,Q4,55.13284387590711,2.326115410412221,88.65292638319028,3.5740914125775496,2026-03-30 00:07:38
18,Q1,43.0227702374002,1.0955662606447572,65.97008551680022,1.746698010464955,2026-03-30 00:12:01
18,Q3,84.38410337435104,1.7930420744599498,96.11858690052655,2.3782606644284883,2026-03-30 00:16:24
18,Q4,50.24556007167752,2.2122303292124132,83.4413068331539,3.6090886321536266,2026-03-30 00:20:48
19,Q1,40.61533454226242,1.057236200845646,54.91541652221257,1.4564004545700886,2026-03-30 00:25:11
19,Q3,80.52119498379182,1.765435628992821,107.28844596785427,2.3450430540811493,2026-03-30 00:29:34
19,Q4,36.66569556826344,1.6090734623155052,60.01482085247635,2.996637774137517,2026-03-30 00:33:57
20,Q1,39.09026890691868,1.061404934411228,63.73218605596755,1.7139944690869962,2026-03-30 00:38:20
20,Q3,75.11349959093691,1.6597384879957338,99.11042869487127,2.441662115507654,2026-03-30 00:42:44
20,Q4,34.4267260781533,1.8409274100938915,58.70025201205569,2.9128023159742655,2026-03-30 00:47:08
21,Q1,37.57270747807903,1.0714574134675825,62.715436173895625,1.6342419692777843,2026-03-30 00:51:31
21,Q3,73.37156930335765,1.496153496629345,98.24093180683923,2.260989287174929,2026-03-30 00:55:54
21,Q4,38.86864123501571,1.9627600942348247,70.34701382547391,3.2697858088355978,2026-03-30 01:00:17
22,Q1,37.90719769602144,1.0801039785347024,59.56172684771916,1.7583091364981425,2026-03-30 01:04:40
22,Q3,78.44684350115999,1.677093233606263,93.04330519674653,2.1407797263306896,2026-03-30 01:09:03
22,Q4,36.24157080395596,1.8786549644038082,53.429777546772556,2.915853169221551,2026-03-30 01:13:27
23,Q1,38.09529730069247,1.0307508376714736,61.182569604746135,1.728976561569842,2026-03-30 01:17:50
23,Q3,74.78059910698344,1.6936314692671948,98.64301221874092,1.906643510561087,2026-03-30 01:22:13
23,Q4,34.86442286177938,1.8726809189490503,59.045548795252984,2.9874802360426047,2026-03-30 01:26:36
24,Q1,29.259605916844176,0.9283411338798879,53.87955777158795,1.7339214689538753,2026-03-30 01:30:59
24,Q3,67.52429435576393,1.3402492065635654,84.33107570525236,2.0856648207629016,2026-03-30 01:35:23
24,Q4,34.72322960802815,1.8002961101926196,58.19801955021817,2.9555813321524504,2026-03-30 01:39:46
25,Q1,29.448884910483997,0.8910885812982812,46.79741451481992,1.4942606797773255,2026-03-30 01:44:09
25,Q3,72.85189547423532,1.6131317963712806,102.27718061887609,2.4177399469954155,2026-03-30 01:48:32
25,Q4,29.15721678394403,1.696320828149141,58.6191955204,2.889942511877326,2026-03-30 01:52:56
26,Q1,28.661484635590856,0.9318861916495641,44.8869977678574,1.4750919538895777,2026-03-30 01:57:19
26,Q3,79.12326093826661,1.6237900862949102,102.47963079420926,2.4012162037073073,2026-03-30 02:01:42
26,Q4,36.917394439459045,1.7636657716382957,44.886997767871605,2.5288672236879832,2026-03-30 02:06:05
27,Q1,30.287824379798067,1.0062048448570915,47.98848145246131,1.4583216567373187,2026-03-30 02:10:28
27,Q3,79.98120849763822,1.711405930702055,93.851762604956,2.2036766885208405,2026-03-30 02:14:51
27,Q4,35.100319647412846,1.730352351211697,65.05114065815404,3.0472643922924836,2026-03-30 02:19:14
28,Q1,29.23911755720765,0.9380388358452261,47.31589674480094,1.5134864142627154,2026-03-30 02:23:37
28,Q3,83.2894189181393,1.5559424107050626,110.42287881727823,2.4578894582144373,2026-03-30 02:28:00
28,Q4,31.16653319788053,1.7325176869994756,71.14617515149298,3.2304198782632363,2026-03-30 02:32:23
29,Q1,27.56881040688791,0.9639874205617515,47.31607347378611,1.6254886526476828,2026-03-30 02:36:47
29,Q3,84.36239486584805,1.7467551457430477,105.45392320106465,2.145248973905712,2026-03-30 02:41:09
29,Q4,44.71409722059892,1.9940423628994135,62.00926653331544,2.950599077235517,2026-03-30 02:45:32
30,Q1,29.572108266841248,0.8825290335519271,46.893045718874895,1.5122159904398447,2026-03-30 02:49:55
30,Q3,73.45927507607243,1.7362814647666418,111.34115258031039,2.3366278928850464,2026-03-30 02:54:18
30,Q4,43.852771371822975,2.0913022418497853,65.99220377685853,3.05747847810336,2026-03-30 02:58:41
31,Q1,28.484433603338797,0.9130864298298076,44.886997767857146,1.4538190970282607,2026-03-30 03:03:03
31,Q3,87.69194420346568,1.8720497736977393,101.70328451149307,2.4479636301271075,2026-03-30 03:07:26
31,Q4,41.39121477233491,2.087324434030219,67.9226772940712,2.9148854218265505,2026-03-30 03:11:49
32,Q1,28.02756618262344,0.9377328008712704,49.655762034490245,1.5145674920843457,2026-03-30 03:16:12
32,Q3,91.75707756384644,1.8835016343351554,101.18783377129763,2.351114320500723,2026-03-30 03:20:35
32,Q4,39.94892032327091,2.029129274667415,50.79073648270859,2.6418507824294113,2026-03-30 03:24:58
33,Q1,29.827857188348858,1.0034556473055098,45.59278270793695,1.4093745844627554,2026-03-30 03:29:21
33,Q3,75.71127331386334,1.4855025130874793,98.29400262915001,2.362384038190086,2026-03-30 03:33:44
33,Q4,44.53454296639727,1.9926957363228939,92.75004007999301,4.131303434236524,2026-03-30 03:38:08
34,Q1,28.48822366417608,0.9692273306918523,44.886997767857146,1.5392375565026681,2026-03-30 03:42:31
34,Q3,82.4801315355097,1.8164444802087023,103.19850652041349,2.2461988533581443,2026-03-30 03:46:54
34,Q4,46.546295825365085,1.9303817094482956,70.10144070079944,3.3175488733740446,2026-03-30 03:51:19
35,Q1,28.286030405556783,0.9316497110120513,47.665648914227724,1.626593896019072,2026-03-30 03:55:42
35,Q3,95.4224052500195,1.9490089636032122,101.33809081848636,2.0123478400439945,2026-03-30 04:00:05
35,Q4,50.86358123193919,2.121146844486619,111.29727741128967,4.5033101389739025,2026-03-30 04:04:28
36,Q1,32.74416511449493,1.0036669730048442,52.516535505029935,1.6088810888882665,2026-03-30 04:08:51
36,Q3,88.31060975389204,1.8089060188078272,111.05022862909675,2.4548983453565447,2026-03-30 04:13:14
36,Q4,48.08268592746582,2.118338187601466,61.608522018034144,2.9336980977409386,2026-03-30 04:17:37
37,Q1,35.074821305068674,0.9246087099987201,52.69971370667372,1.5431878303441833,2026-03-30 04:22:00
37,Q3,85.36981705316848,1.6701430474914658,102.42362084104388,2.2571350541632365,2026-03-30 04:26:23
37,Q4,46.34424220942265,1.9574427849730005,73.94358141054681,3.4087554120951524,2026-03-30 04:30:45
38,Q1,33.77731385877435,0.9717137510084948,53.6098859991328,1.372642715427594,2026-03-30 04:35:08
38,Q3,70.5033499544833,1.5371120413291501,94.32525327131238,2.3620456436716855,2026-03-30 04:39:31
38,Q4,46.0751640414837,2.180350322774205,83.34688432687295,3.375784302228009,2026-03-30 04:43:54
39,Q1,42.38981752883801,1.0736451452265956,73.7505138089122,1.8621581184377334,2026-03-30 04:48:17
39,Q3,80.29346060688673,1.6613234312997969,100.7675794653233,2.217883243809526,2026-03-30 04:52:39
39,Q4,53.13766826122133,2.2147461488705558,67.47231595914866,2.780257640279663,2026-03-30 04:57:02
40,Q1,45.13371539849805,1.1576876236839098,68.60977315783714,1.7214309289809033,2026-03-30 05:01:25
40,Q3,83.36531978744402,1.7715945529944723,96.38866840064208,1.9233650465937144,2026-03-30 05:05:48
40,Q4,72.9256937585635,2.797420013424847,97.84472778192324,3.5232573070990134,2026-03-30 05:10:11
41,Q1,44.08404688982434,1.0301575372995408,72.70351690818899,1.8374806841230715,2026-03-30 05:14:33
41,Q3,77.34355107629543,1.735631840060351,103.64125922477609,2.428266693070076,2026-03-30 05:18:58
41,Q4,63.67737636364377,2.43808675245067,85.59532854970857,3.1610835172599256,2026-03-30 05:23:21
42,Q1,43.108984388827125,1.0361285419449406,70.41916055434115,1.8357044959119722,2026-03-30 05:27:44
42,Q3,82.72328055030596,1.7577119370422343,101.73554987573277,2.1645251048002985,2026-03-30 05:32:07
42,Q4,62.95042028366976,2.4047608189174268,87.00712443475607,3.440416017100243,2026-03-30 05:36:31
43,Q1,45.934670170126914,1.1338786449689775,67.99351510880891,1.6793829434546808,2026-03-30 05:40:54
43,Q3,77.34230986847676,1.5501599149828602,105.8006026433925,2.4917711339297295,2026-03-30 05:45:17
43,Q4,71.96304106639934,2.747594898922407,85.71850098000756,3.4463143998993178,2026-03-30 05:49:41
44,Q1,43.993997732759,1.079551704961217,66.95919815595586,1.735474689883361,2026-03-30 05:54:04
44,Q3,84.82002040221144,1.7458099272851586,110.04013910941221,2.3770223912801964,2026-03-30 05:58:27
44,Q4,69.25373560668956,2.7540066243240364,114.31051694883237,4.4103771599712065,2026-03-30 06:02:50
45,Q1,45.22000979721382,1.150122203014998,58.37208064878415,1.4505108433206193,2026-03-30 06:07:13
45,Q3,71.47327491916134,1.6166379824988795,103.94765101387962,2.5713870083004777,2026-03-30 06:11:36
45,Q4,78.14522186038472,2.818417997227308,102.79241970474487,3.8001709764165246,2026-03-30 06:15:59
46,Q1,43.287181594980865,1.1468049655902095,64.08627210987379,1.6048652130353307,2026-03-30 06:20:22
46,Q3,86.3369782261792,1.8813687651244662,102.7329901988762,2.194990589486827,2026-03-30 06:24:45
46,Q4,72.85748736901301,2.718182422908928,126.47241765461528,4.92038632299231,2026-03-30 06:29:08
47,Q1,44.99471937996787,1.0867366065215474,67.87743534126388,1.6938651892885113,2026-03-30 06:33:31
47,Q3,76.87337050042846,1.6804629106015185,105.5518768854914,2.6177147325729044,2026-03-30 06:37:53
47,Q4,68.13152982565421,2.685016755890646,98.93791082314742,3.790475489332963,2026-03-30 06:42:16
48,Q1,41.87896676511482,1.084863479862732,76.13236724397503,1.8757804624040797,2026-03-30 06:46:39
48,Q3,70.76125440280612,1.4875637317071395,94.89655221781143,2.1086608984379676,2026-03-30 06:51:02
48,Q4,49.14242339233319,2.09092909126001,68.782670829755,2.7808155209824688,2026-03-30 06:55:25
49,Q1,45.83434750102695,1.225283917489212,70.5300799143173,1.7344504490644232,2026-03-30 06:59:49
49,Q3,78.35478568268077,1.721021351756339,89.48440100664047,2.2141193941914463,2026-03-30 07:04:12
49,Q4,66.60758441438799,2.5044086142674784,87.24056166718253,3.6171662566899156,2026-03-30 07:08:35
50,Q1,46.146277337360516,1.1251212153155556,73.82532253005564,1.8057355050667943,2026-03-30 07:12:57
50,Q3,68.64324411381321,1.3448511666726017,92.934289592758,2.0932139438436215,2026-03-30 07:17:20
50,Q4,55.26899747003641,2.2107504740777695,77.4911790119336,3.0676400459325115,2026-03-30 07:21:44
51,Q1,43.963555970670434,1.0842245253242215,71.50765788361107,1.59792051290195,2026-03-30 07:26:07
51,Q3,87.71916717645554,1.777819259665807,116.5465467272891,2.3421147858937417,2026-03-30 07:30:30
51,Q4,73.665739701828,2.8474327053089223,88.18369695475576,3.5251311617055503,2026-03-30 07:34:53
52,Q1,44.672577326072755,1.1228395671409457,68.38505856789317,1.7010251784414532,2026-03-30 07:39:16
52,Q3,81.79776462971633,1.705430588099862,101.57307808880506,2.3046307888679483,2026-03-30 07:43:39
52,Q4,39.651105910256035,1.8310238348499528,68.36646260538633,3.0027455382452573,2026-03-30 07:48:02
53,Q1,44.55693413994996,1.0903773340920575,71.67793634121301,1.7275587136030275,2026-03-30 07:52:25
53,Q3,81.02633102612792,1.7719332200454352,122.77082501736218,2.882117353808819,2026-03-30 07:56:48
53,Q4,42.93188812212328,1.8618986563618563,88.22337433798944,3.815235025506966,2026-03-30 08:01:11
54,Q1,46.192745031639994,1.2059733540449047,70.74506813733808,1.7586666396613648,2026-03-30 08:05:33
54,Q3,77.59774090429674,1.630950682849729,104.95469392954088,2.143325714236627,2026-03-30 08:09:56
54,Q4,37.71611726606684,2.0209311583152765,71.42783370424692,2.9991362772515355,2026-03-30 08:14:19
55,Q1,46.75296740730699,1.1957047448555755,69.09232925444667,1.6526134246325657,2026-03-30 08:18:42
55,Q3,80.3636841982674,1.5407044708787916,100.17164175168806,2.245226032977003,2026-03-30 08:23:05
55,Q4,33.04961940855949,1.6821180263317805,81.61359396290202,3.6557045141276356,2026-03-30 08:27:28
56,Q1,42.42766669484609,1.0726393736921338,67.28860513583068,1.7608030884091022,2026-03-30 08:31:50
56,Q3,83.28180134713921,1.4533657297058866,117.50512865481454,2.5907315305753262,2026-03-30 08:36:13
56,Q4,42.79189156491158,2.0489341555280087,68.88015574041158,3.179350778553363,2026-03-30 08:40:36
57,Q1,48.25263005312133,1.1695714536504809,66.83397712312167,1.692732774374327,2026-03-30 08:44:59
57,Q3,88.56784240100934,1.8018002285542953,125.84812225193545,3.033452589055383,2026-03-30 08:49:22
57,Q4,38.338612334075535,1.7916035440456881,70.30985429650796,2.9934861682951333,2026-03-30 08:53:46
58,Q1,44.36989340066384,1.1575323182672177,71.706260662191,1.820917790001478,2026-03-30 08:58:09
58,Q3,86.13703640644978,1.7936974585407564,109.96776425987034,2.6447190843901707,2026-03-30 09:02:34
58,Q4,39.34446989838221,1.7990316060569118,52.931609971640526,2.802657067839228,2026-03-30 09:06:57
59,Q1,44.49654993190457,1.119711647314955,63.79060198443292,1.7209483098390927,2026-03-30 09:11:21
59,Q3,74.08476405670258,1.656969959066074,101.0226359562661,2.2983721804480903,2026-03-30 09:15:44
59,Q4,41.686127311603784,2.124217538523054,74.51973969202336,3.1588472369213108,2026-03-30 09:20:07
60,Q1,44.28254396544034,1.1874209056578608,66.56274548322729,1.7344235149541753,2026-03-30 09:24:30
60,Q3,73.76438331168683,1.7037727726867091,103.62833802053724,2.2927609402652123,2026-03-30 09:28:52
60,Q4,42.49901379467194,2.020383747329839,79.11649790472516,3.343341007255729,2026-03-30 09:33:16
61,Q1,40.784681061288,1.0776990719206363,65.03899121831479,1.7053598775913588,2026-03-30 09:37:38
61,Q3,35.71386881885549,1.2520691611472328,44.886997767857146,2.171108207546488,2026-03-30 09:42:01
61,Q4,52.320535698074735,2.383326005225259,94.34107769781055,3.868796408284296,2026-03-30 09:46:24
62,Q1,41.91970282020579,1.1021551546888897,63.61954276900861,1.6528892196742662,2026-03-30 09:50:47
62,Q3,30.99058029113841,1.181830046412355,44.886997767857146,1.9647066692579584,2026-03-30 09:55:10
